generation_config_i,input_strategy,input_length_1,input_change_strength,input_chunkiness,input_distribution,regen_i,repetition_i,diff_program,mpi_procs,min_entries,micros_input,micros_precompute,micros_until_len,micros_edit_script
89,add,10000,1,0,zipf,0,0,mpi_no_master_min_entries,8,20,4008,0,218653,1062
89,add,10000,1,0,zipf,0,1,mpi_no_master_min_entries,8,20,3098,0,222149,907
89,add,10000,1,0,zipf,0,0,mpi_no_master_min_entries,8,60,5615,0,216717,885
89,add,10000,1,0,zipf,0,1,mpi_no_master_min_entries,8,60,13888,0,224264,997
89,add,10000,1,0,zipf,0,0,mpi_no_master_min_entries,8,100,3938,0,225091,873
89,add,10000,1,0,zipf,0,1,mpi_no_master_min_entries,8,100,3459,0,213815,1111
89,add,10000,1,0,zipf,0,0,mpi_no_master_min_entries,8,200,3968,0,217982,862
89,add,10000,1,0,zipf,0,1,mpi_no_master_min_entries,8,200,4622,0,220105,918
89,add,10000,1,0,zipf,0,0,mpi_no_master_min_entries,8,500,4062,0,237127,954
89,add,10000,1,0,zipf,0,1,mpi_no_master_min_entries,8,500,4635,0,232204,847
89,add,10000,1,0,zipf,0,0,mpi_no_master_min_entries,8,1000,3334,0,287023,865
89,add,10000,1,0,zipf,0,1,mpi_no_master_min_entries,8,1000,12862,0,284337,864
22,add,3250,0.333333333333333,1,zipf,0,0,mpi_no_master_min_entries,8,20,1824,0,17495,59
22,add,3250,0.333333333333333,1,zipf,0,1,mpi_no_master_min_entries,8,20,1279,0,12232,42
22,add,3250,0.333333333333333,1,zipf,0,0,mpi_no_master_min_entries,8,60,1531,0,4988,37
22,add,3250,0.333333333333333,1,zipf,0,1,mpi_no_master_min_entries,8,60,1455,0,15854,41
22,add,3250,0.333333333333333,1,zipf,0,0,mpi_no_master_min_entries,8,100,1672,0,5264,38
22,add,3250,0.333333333333333,1,zipf,0,1,mpi_no_master_min_entries,8,100,1256,0,7616,37
22,add,3250,0.333333333333333,1,zipf,0,0,mpi_no_master_min_entries,8,200,2234,0,6929,44
22,add,3250,0.333333333333333,1,zipf,0,1,mpi_no_master_min_entries,8,200,1512,0,7159,48
22,add,3250,0.333333333333333,1,zipf,0,0,mpi_no_master_min_entries,8,500,1556,0,8853,31
22,add,3250,0.333333333333333,1,zipf,0,1,mpi_no_master_min_entries,8,500,1537,0,12919,42
22,add,3250,0.333333333333333,1,zipf,0,0,mpi_no_master_min_entries,8,1000,1584,0,10418,25
22,add,3250,0.333333333333333,1,zipf,0,1,mpi_no_master_min_entries,8,1000,3129,0,13761,42
23,remove,3250,0.333333333333333,1,zipf,0,0,mpi_no_master_min_entries,8,20,1369,0,20995,305
23,remove,3250,0.333333333333333,1,zipf,0,1,mpi_no_master_min_entries,8,20,1075,0,21508,271
23,remove,3250,0.333333333333333,1,zipf,0,0,mpi_no_master_min_entries,8,60,1602,0,27308,77
23,remove,3250,0.333333333333333,1,zipf,0,1,mpi_no_master_min_entries,8,60,1648,0,25454,112
23,remove,3250,0.333333333333333,1,zipf,0,0,mpi_no_master_min_entries,8,100,1345,0,19435,262
23,remove,3250,0.333333333333333,1,zipf,0,1,mpi_no_master_min_entries,8,100,1083,0,15056,183
23,remove,3250,0.333333333333333,1,zipf,0,0,mpi_no_master_min_entries,8,200,1364,0,18963,317
23,remove,3250,0.333333333333333,1,zipf,0,1,mpi_no_master_min_entries,8,200,1048,0,56081,2724
23,remove,3250,0.333333333333333,1,zipf,0,0,mpi_no_master_min_entries,8,500,1356,0,54477,92
23,remove,3250,0.333333333333333,1,zipf,0,1,mpi_no_master_min_entries,8,500,1020,0,55257,275
23,remove,3250,0.333333333333333,1,zipf,0,0,mpi_no_master_min_entries,8,1000,1377,0,111241,391
23,remove,3250,0.333333333333333,1,zipf,0,1,mpi_no_master_min_entries,8,1000,1171,0,108173,888
53,addremove,5500,1,0,zipf,0,0,mpi_no_master_min_entries,8,20,1743,0,87648,881
53,addremove,5500,1,0,zipf,0,1,mpi_no_master_min_entries,8,20,1756,0,78841,889
53,addremove,5500,1,0,zipf,0,0,mpi_no_master_min_entries,8,60,1980,0,84289,1079
53,addremove,5500,1,0,zipf,0,1,mpi_no_master_min_entries,8,60,1593,0,75230,1001
53,addremove,5500,1,0,zipf,0,0,mpi_no_master_min_entries,8,100,2040,0,70447,908
53,addremove,5500,1,0,zipf,0,1,mpi_no_master_min_entries,8,100,1545,0,74436,876
53,addremove,5500,1,0,zipf,0,0,mpi_no_master_min_entries,8,200,2033,0,72468,722
53,addremove,5500,1,0,zipf,0,1,mpi_no_master_min_entries,8,200,1636,0,66274,691
53,addremove,5500,1,0,zipf,0,0,mpi_no_master_min_entries,8,500,1739,0,82156,805
53,addremove,5500,1,0,zipf,0,1,mpi_no_master_min_entries,8,500,1418,0,75231,841
53,addremove,5500,1,0,zipf,0,0,mpi_no_master_min_entries,8,1000,1887,0,221712,529
53,addremove,5500,1,0,zipf,0,1,mpi_no_master_min_entries,8,1000,1913,0,178495,379
74,remove,7750,1,1,zipf,0,0,mpi_no_master_min_entries,8,20,1506,0,124732,1237
74,remove,7750,1,1,zipf,0,1,mpi_no_master_min_entries,8,20,1321,0,126253,1237
74,remove,7750,1,1,zipf,0,0,mpi_no_master_min_entries,8,60,1578,0,132539,1264
74,remove,7750,1,1,zipf,0,1,mpi_no_master_min_entries,8,60,1458,0,139183,1821
74,remove,7750,1,1,zipf,0,0,mpi_no_master_min_entries,8,100,1604,0,133654,1421
74,remove,7750,1,1,zipf,0,1,mpi_no_master_min_entries,8,100,1201,0,129750,1312
74,remove,7750,1,1,zipf,0,0,mpi_no_master_min_entries,8,200,1655,0,122017,1312
74,remove,7750,1,1,zipf,0,1,mpi_no_master_min_entries,8,200,1211,0,126916,1249
74,remove,7750,1,1,zipf,0,0,mpi_no_master_min_entries,8,500,1525,0,141707,1213
74,remove,7750,1,1,zipf,0,1,mpi_no_master_min_entries,8,500,1681,0,150878,1307
74,remove,7750,1,1,zipf,0,0,mpi_no_master_min_entries,8,1000,1683,0,240007,5373
74,remove,7750,1,1,zipf,0,1,mpi_no_master_min_entries,8,1000,1570,0,180949,4139
28,add,3250,0.666666666666667,1,zipf,0,0,mpi_no_master_min_entries,8,20,1570,0,17500,190
28,add,3250,0.666666666666667,1,zipf,0,1,mpi_no_master_min_entries,8,20,1500,0,21590,158
28,add,3250,0.666666666666667,1,zipf,0,0,mpi_no_master_min_entries,8,60,1645,0,24777,156
28,add,3250,0.666666666666667,1,zipf,0,1,mpi_no_master_min_entries,8,60,1264,0,12130,152
28,add,3250,0.666666666666667,1,zipf,0,0,mpi_no_master_min_entries,8,100,1625,0,17993,153
28,add,3250,0.666666666666667,1,zipf,0,1,mpi_no_master_min_entries,8,100,1307,0,25232,147
28,add,3250,0.666666666666667,1,zipf,0,0,mpi_no_master_min_entries,8,200,1652,0,53117,151
28,add,3250,0.666666666666667,1,zipf,0,1,mpi_no_master_min_entries,8,200,1269,0,21635,141
28,add,3250,0.666666666666667,1,zipf,0,0,mpi_no_master_min_entries,8,500,1760,0,27693,162
28,add,3250,0.666666666666667,1,zipf,0,1,mpi_no_master_min_entries,8,500,1255,0,25095,189
28,add,3250,0.666666666666667,1,zipf,0,0,mpi_no_master_min_entries,8,1000,1577,0,37042,126
28,add,3250,0.666666666666667,1,zipf,0,1,mpi_no_master_min_entries,8,1000,1392,0,36278,142
41,add,5500,0.333333333333333,1,zipf,0,0,mpi_no_master_min_entries,8,20,1889,0,25029,133
41,add,5500,0.333333333333333,1,zipf,0,1,mpi_no_master_min_entries,8,20,1663,0,17877,130
41,add,5500,0.333333333333333,1,zipf,0,0,mpi_no_master_min_entries,8,60,1939,0,12726,145
41,add,5500,0.333333333333333,1,zipf,0,1,mpi_no_master_min_entries,8,60,1951,0,27011,147
41,add,5500,0.333333333333333,1,zipf,0,0,mpi_no_master_min_entries,8,100,2537,0,23787,178
41,add,5500,0.333333333333333,1,zipf,0,1,mpi_no_master_min_entries,8,100,1684,0,61536,123
41,add,5500,0.333333333333333,1,zipf,0,0,mpi_no_master_min_entries,8,200,2140,0,28337,220
41,add,5500,0.333333333333333,1,zipf,0,1,mpi_no_master_min_entries,8,200,1553,0,49319,189
41,add,5500,0.333333333333333,1,zipf,0,0,mpi_no_master_min_entries,8,500,2044,0,28405,136
41,add,5500,0.333333333333333,1,zipf,0,1,mpi_no_master_min_entries,8,500,1671,0,20491,169
41,add,5500,0.333333333333333,1,zipf,0,0,mpi_no_master_min_entries,8,1000,2026,0,41167,94
41,add,5500,0.333333333333333,1,zipf,0,1,mpi_no_master_min_entries,8,1000,1663,0,28330,88
13,add,1000,1,0,zipf,0,0,mpi_no_master_min_entries,8,20,1253,0,68490,45
13,add,1000,1,0,zipf,0,1,mpi_no_master_min_entries,8,20,983,0,17273,46
13,add,1000,1,0,zipf,0,0,mpi_no_master_min_entries,8,60,1312,0,23476,53
13,add,1000,1,0,zipf,0,1,mpi_no_master_min_entries,8,60,1073,0,19628,53
13,add,1000,1,0,zipf,0,0,mpi_no_master_min_entries,8,100,1209,0,14371,54
13,add,1000,1,0,zipf,0,1,mpi_no_master_min_entries,8,100,1097,0,15175,45
13,add,1000,1,0,zipf,0,0,mpi_no_master_min_entries,8,200,1590,0,4735,43
13,add,1000,1,0,zipf,0,1,mpi_no_master_min_entries,8,200,1002,0,4655,31
13,add,1000,1,0,zipf,0,0,mpi_no_master_min_entries,8,500,1336,0,9889,39
13,add,1000,1,0,zipf,0,1,mpi_no_master_min_entries,8,500,864,0,8131,30
13,add,1000,1,0,zipf,0,0,mpi_no_master_min_entries,8,1000,1672,0,9464,32
13,add,1000,1,0,zipf,0,1,mpi_no_master_min_entries,8,1000,1003,0,9280,26
14,remove,1000,1,0,zipf,0,0,mpi_no_master_min_entries,8,20,1178,0,9929,186
14,remove,1000,1,0,zipf,0,1,mpi_no_master_min_entries,8,20,737,0,12352,240
14,remove,1000,1,0,zipf,0,0,mpi_no_master_min_entries,8,60,1425,0,14326,206
14,remove,1000,1,0,zipf,0,1,mpi_no_master_min_entries,8,60,748,0,9970,212
14,remove,1000,1,0,zipf,0,0,mpi_no_master_min_entries,8,100,1103,0,10646,214
14,remove,1000,1,0,zipf,0,1,mpi_no_master_min_entries,8,100,729,0,8005,228
14,remove,1000,1,0,zipf,0,0,mpi_no_master_min_entries,8,200,1104,0,8078,592
14,remove,1000,1,0,zipf,0,1,mpi_no_master_min_entries,8,200,835,0,3885,6297
14,remove,1000,1,0,zipf,0,0,mpi_no_master_min_entries,8,500,1185,0,11154,239
14,remove,1000,1,0,zipf,0,1,mpi_no_master_min_entries,8,500,713,0,7045,8701
14,remove,1000,1,0,zipf,0,0,mpi_no_master_min_entries,8,1000,1094,0,7123,9804
14,remove,1000,1,0,zipf,0,1,mpi_no_master_min_entries,8,1000,709,0,7163,2605
43,addremove,5500,0.333333333333333,1,zipf,0,0,mpi_no_master_min_entries,8,20,1985,0,31962,607
43,addremove,5500,0.333333333333333,1,zipf,0,1,mpi_no_master_min_entries,8,20,1506,0,18637,592
43,addremove,5500,0.333333333333333,1,zipf,0,0,mpi_no_master_min_entries,8,60,1950,0,39752,633
43,addremove,5500,0.333333333333333,1,zipf,0,1,mpi_no_master_min_entries,8,60,1485,0,40579,584
43,addremove,5500,0.333333333333333,1,zipf,0,0,mpi_no_master_min_entries,8,100,2194,0,32718,404
43,addremove,5500,0.333333333333333,1,zipf,0,1,mpi_no_master_min_entries,8,100,1683,0,24433,394
43,addremove,5500,0.333333333333333,1,zipf,0,0,mpi_no_master_min_entries,8,200,1872,0,27650,291
43,addremove,5500,0.333333333333333,1,zipf,0,1,mpi_no_master_min_entries,8,200,1450,0,29702,398
43,addremove,5500,0.333333333333333,1,zipf,0,0,mpi_no_master_min_entries,8,500,1655,0,48273,259
43,addremove,5500,0.333333333333333,1,zipf,0,1,mpi_no_master_min_entries,8,500,1434,0,136553,275
43,addremove,5500,0.333333333333333,1,zipf,0,0,mpi_no_master_min_entries,8,1000,1799,0,195250,456
43,addremove,5500,0.333333333333333,1,zipf,0,1,mpi_no_master_min_entries,8,1000,1882,0,296619,316
78,addremove,10000,0.333333333333333,0,zipf,0,0,mpi_no_master_min_entries,8,20,2852,0,73330,873
78,addremove,10000,0.333333333333333,0,zipf,0,1,mpi_no_master_min_entries,8,20,2393,0,57166,905
78,addremove,10000,0.333333333333333,0,zipf,0,0,mpi_no_master_min_entries,8,60,2560,0,58137,251
78,addremove,10000,0.333333333333333,0,zipf,0,1,mpi_no_master_min_entries,8,60,2211,0,62892,276
78,addremove,10000,0.333333333333333,0,zipf,0,0,mpi_no_master_min_entries,8,100,2714,0,70309,708
78,addremove,10000,0.333333333333333,0,zipf,0,1,mpi_no_master_min_entries,8,100,2182,0,66434,871
78,addremove,10000,0.333333333333333,0,zipf,0,0,mpi_no_master_min_entries,8,200,2570,0,65521,772
78,addremove,10000,0.333333333333333,0,zipf,0,1,mpi_no_master_min_entries,8,200,2237,0,68541,719
78,addremove,10000,0.333333333333333,0,zipf,0,0,mpi_no_master_min_entries,8,500,2598,0,81518,772
78,addremove,10000,0.333333333333333,0,zipf,0,1,mpi_no_master_min_entries,8,500,2404,0,73430,723
78,addremove,10000,0.333333333333333,0,zipf,0,0,mpi_no_master_min_entries,8,1000,2465,0,229570,542
78,addremove,10000,0.333333333333333,0,zipf,0,1,mpi_no_master_min_entries,8,1000,2220,0,188434,320
47,add,5500,0.666666666666667,1,zipf,0,0,mpi_no_master_min_entries,8,20,2150,0,45582,309
47,add,5500,0.666666666666667,1,zipf,0,1,mpi_no_master_min_entries,8,20,1806,0,51808,317
47,add,5500,0.666666666666667,1,zipf,0,0,mpi_no_master_min_entries,8,60,2114,0,36564,296
47,add,5500,0.666666666666667,1,zipf,0,1,mpi_no_master_min_entries,8,60,1744,0,36409,306
47,add,5500,0.666666666666667,1,zipf,0,0,mpi_no_master_min_entries,8,100,2190,0,40567,287
47,add,5500,0.666666666666667,1,zipf,0,1,mpi_no_master_min_entries,8,100,1755,0,40786,291
47,add,5500,0.666666666666667,1,zipf,0,0,mpi_no_master_min_entries,8,200,3448,0,35520,323
47,add,5500,0.666666666666667,1,zipf,0,1,mpi_no_master_min_entries,8,200,1997,0,34825,304
47,add,5500,0.666666666666667,1,zipf,0,0,mpi_no_master_min_entries,8,500,1926,0,44894,458
47,add,5500,0.666666666666667,1,zipf,0,1,mpi_no_master_min_entries,8,500,1867,0,54050,409
47,add,5500,0.666666666666667,1,zipf,0,0,mpi_no_master_min_entries,8,1000,2469,0,159154,286
47,add,5500,0.666666666666667,1,zipf,0,1,mpi_no_master_min_entries,8,1000,1766,0,73187,303
64,remove,7750,0.666666666666667,0,zipf,0,0,mpi_no_master_min_entries,8,20,1727,0,69801,869
64,remove,7750,0.666666666666667,0,zipf,0,1,mpi_no_master_min_entries,8,20,1392,0,65278,909
64,remove,7750,0.666666666666667,0,zipf,0,0,mpi_no_master_min_entries,8,60,1785,0,65226,803
64,remove,7750,0.666666666666667,0,zipf,0,1,mpi_no_master_min_entries,8,60,1458,0,60759,885
64,remove,7750,0.666666666666667,0,zipf,0,0,mpi_no_master_min_entries,8,100,1803,0,75824,971
64,remove,7750,0.666666666666667,0,zipf,0,1,mpi_no_master_min_entries,8,100,1601,0,69765,832
64,remove,7750,0.666666666666667,0,zipf,0,0,mpi_no_master_min_entries,8,200,2007,0,172247,975
64,remove,7750,0.666666666666667,0,zipf,0,1,mpi_no_master_min_entries,8,200,1406,0,62241,871
64,remove,7750,0.666666666666667,0,zipf,0,0,mpi_no_master_min_entries,8,500,1794,0,72577,862
64,remove,7750,0.666666666666667,0,zipf,0,1,mpi_no_master_min_entries,8,500,1388,0,79196,875
64,remove,7750,0.666666666666667,0,zipf,0,0,mpi_no_master_min_entries,8,1000,2070,0,198463,380
64,remove,7750,0.666666666666667,0,zipf,0,1,mpi_no_master_min_entries,8,1000,1405,0,193305,430
9,add,1000,0.666666666666667,1,zipf,0,0,mpi_no_master_min_entries,8,20,1665,0,9998,31
9,add,1000,0.666666666666667,1,zipf,0,1,mpi_no_master_min_entries,8,20,783,0,20510,22
9,add,1000,0.666666666666667,1,zipf,0,0,mpi_no_master_min_entries,8,60,1214,0,2759,22
9,add,1000,0.666666666666667,1,zipf,0,1,mpi_no_master_min_entries,8,60,1481,0,25037,30
9,add,1000,0.666666666666667,1,zipf,0,0,mpi_no_master_min_entries,8,100,1310,0,3289,26
9,add,1000,0.666666666666667,1,zipf,0,1,mpi_no_master_min_entries,8,100,1363,0,4176,23
9,add,1000,0.666666666666667,1,zipf,0,0,mpi_no_master_min_entries,8,200,1245,0,2486,24
9,add,1000,0.666666666666667,1,zipf,0,1,mpi_no_master_min_entries,8,200,896,0,2966,20
9,add,1000,0.666666666666667,1,zipf,0,0,mpi_no_master_min_entries,8,500,1409,0,3708,26
9,add,1000,0.666666666666667,1,zipf,0,1,mpi_no_master_min_entries,8,500,1071,0,3916,19
9,add,1000,0.666666666666667,1,zipf,0,0,mpi_no_master_min_entries,8,1000,1232,0,3931,20
9,add,1000,0.666666666666667,1,zipf,0,1,mpi_no_master_min_entries,8,1000,1054,0,3828,25
55,remove,5500,1,1,zipf,0,0,mpi_no_master_min_entries,8,20,1362,0,85906,1425
55,remove,5500,1,1,zipf,0,1,mpi_no_master_min_entries,8,20,1316,0,96495,1423
55,remove,5500,1,1,zipf,0,0,mpi_no_master_min_entries,8,60,1283,0,73922,1104
55,remove,5500,1,1,zipf,0,1,mpi_no_master_min_entries,8,60,1043,0,77800,1527
55,remove,5500,1,1,zipf,0,0,mpi_no_master_min_entries,8,100,1595,0,67692,1054
55,remove,5500,1,1,zipf,0,1,mpi_no_master_min_entries,8,100,1009,0,61776,1104
55,remove,5500,1,1,zipf,0,0,mpi_no_master_min_entries,8,200,1560,0,77363,1099
55,remove,5500,1,1,zipf,0,1,mpi_no_master_min_entries,8,200,1134,0,75922,1077
55,remove,5500,1,1,zipf,0,0,mpi_no_master_min_entries,8,500,1531,0,86892,1064
55,remove,5500,1,1,zipf,0,1,mpi_no_master_min_entries,8,500,1129,0,79108,1066
55,remove,5500,1,1,zipf,0,0,mpi_no_master_min_entries,8,1000,2370,0,112411,2001
55,remove,5500,1,1,zipf,0,1,mpi_no_master_min_entries,8,1000,941,0,113299,2149
25,add,3250,0.666666666666667,0,zipf,0,0,mpi_no_master_min_entries,8,20,1471,0,17639,159
25,add,3250,0.666666666666667,0,zipf,0,1,mpi_no_master_min_entries,8,20,1286,0,16700,259
25,add,3250,0.666666666666667,0,zipf,0,0,mpi_no_master_min_entries,8,60,1542,0,18050,178
25,add,3250,0.666666666666667,0,zipf,0,1,mpi_no_master_min_entries,8,60,1299,0,18438,182
25,add,3250,0.666666666666667,0,zipf,0,0,mpi_no_master_min_entries,8,100,1747,0,30821,151
25,add,3250,0.666666666666667,0,zipf,0,1,mpi_no_master_min_entries,8,100,1263,0,15351,152
25,add,3250,0.666666666666667,0,zipf,0,0,mpi_no_master_min_entries,8,200,1590,0,14691,138
25,add,3250,0.666666666666667,0,zipf,0,1,mpi_no_master_min_entries,8,200,1395,0,15280,147
25,add,3250,0.666666666666667,0,zipf,0,0,mpi_no_master_min_entries,8,500,1642,0,22753,146
25,add,3250,0.666666666666667,0,zipf,0,1,mpi_no_master_min_entries,8,500,1230,0,30709,147
25,add,3250,0.666666666666667,0,zipf,0,0,mpi_no_master_min_entries,8,1000,1887,0,50302,136
25,add,3250,0.666666666666667,0,zipf,0,1,mpi_no_master_min_entries,8,1000,1464,0,36195,135
4,remove,1000,0.333333333333333,1,zipf,0,0,mpi_no_master_min_entries,8,20,1109,0,13259,118
4,remove,1000,0.333333333333333,1,zipf,0,1,mpi_no_master_min_entries,8,20,776,0,16754,140
4,remove,1000,0.333333333333333,1,zipf,0,0,mpi_no_master_min_entries,8,60,1040,0,4791,64
4,remove,1000,0.333333333333333,1,zipf,0,1,mpi_no_master_min_entries,8,60,874,0,13545,106
4,remove,1000,0.333333333333333,1,zipf,0,0,mpi_no_master_min_entries,8,100,1339,0,33758,1119
4,remove,1000,0.333333333333333,1,zipf,0,1,mpi_no_master_min_entries,8,100,781,0,10766,282
4,remove,1000,0.333333333333333,1,zipf,0,0,mpi_no_master_min_entries,8,200,1348,0,13781,29
4,remove,1000,0.333333333333333,1,zipf,0,1,mpi_no_master_min_entries,8,200,907,0,9251,76
4,remove,1000,0.333333333333333,1,zipf,0,0,mpi_no_master_min_entries,8,500,1303,0,1048,17
4,remove,1000,0.333333333333333,1,zipf,0,1,mpi_no_master_min_entries,8,500,821,0,1036,14
4,remove,1000,0.333333333333333,1,zipf,0,0,mpi_no_master_min_entries,8,1000,1309,0,1016,13
4,remove,1000,0.333333333333333,1,zipf,0,1,mpi_no_master_min_entries,8,1000,965,0,1077,19
18,addremove,1000,1,1,zipf,0,0,mpi_no_master_min_entries,8,20,1504,0,20808,129
18,addremove,1000,1,1,zipf,0,1,mpi_no_master_min_entries,8,20,937,0,15536,135
18,addremove,1000,1,1,zipf,0,0,mpi_no_master_min_entries,8,60,1202,0,6786,208
18,addremove,1000,1,1,zipf,0,1,mpi_no_master_min_entries,8,60,988,0,13489,243
18,addremove,1000,1,1,zipf,0,0,mpi_no_master_min_entries,8,100,1273,0,22538,376
18,addremove,1000,1,1,zipf,0,1,mpi_no_master_min_entries,8,100,716,0,4467,306
18,addremove,1000,1,1,zipf,0,0,mpi_no_master_min_entries,8,200,1182,0,12062,107
18,addremove,1000,1,1,zipf,0,1,mpi_no_master_min_entries,8,200,884,0,15553,96
18,addremove,1000,1,1,zipf,0,0,mpi_no_master_min_entries,8,500,1255,0,7082,31
18,addremove,1000,1,1,zipf,0,1,mpi_no_master_min_entries,8,500,1143,0,6394,29
18,addremove,1000,1,1,zipf,0,0,mpi_no_master_min_entries,8,1000,1143,0,7643,30
18,addremove,1000,1,1,zipf,0,1,mpi_no_master_min_entries,8,1000,931,0,8160,44
88,independent,10000,1,0,zipf,0,0,mpi_no_master_min_entries,8,20,2444,0,647363,2825
88,independent,10000,1,0,zipf,0,1,mpi_no_master_min_entries,8,20,2372,0,660451,2668
88,independent,10000,1,0,zipf,0,0,mpi_no_master_min_entries,8,60,2898,0,648739,2918
88,independent,10000,1,0,zipf,0,1,mpi_no_master_min_entries,8,60,2558,0,649582,2620
88,independent,10000,1,0,zipf,0,0,mpi_no_master_min_entries,8,100,2558,0,655154,836
88,independent,10000,1,0,zipf,0,1,mpi_no_master_min_entries,8,100,2267,0,645306,931
88,independent,10000,1,0,zipf,0,0,mpi_no_master_min_entries,8,200,2515,0,602519,2365
88,independent,10000,1,0,zipf,0,1,mpi_no_master_min_entries,8,200,2099,0,594735,2230
88,independent,10000,1,0,zipf,0,0,mpi_no_master_min_entries,8,500,2432,0,667421,1973
88,independent,10000,1,0,zipf,0,1,mpi_no_master_min_entries,8,500,2174,0,659513,1969
88,independent,10000,1,0,zipf,0,0,mpi_no_master_min_entries,8,1000,2370,0,699623,2013
88,independent,10000,1,0,zipf,0,1,mpi_no_master_min_entries,8,1000,2160,0,646361,2017
34,addremove,3250,1,0,zipf,0,0,mpi_no_master_min_entries,8,20,1343,0,33091,843
34,addremove,3250,1,0,zipf,0,1,mpi_no_master_min_entries,8,20,1078,0,28353,720
34,addremove,3250,1,0,zipf,0,0,mpi_no_master_min_entries,8,60,1638,0,39618,661
34,addremove,3250,1,0,zipf,0,1,mpi_no_master_min_entries,8,60,1081,0,26903,576
34,addremove,3250,1,0,zipf,0,0,mpi_no_master_min_entries,8,100,1686,0,30766,563
34,addremove,3250,1,0,zipf,0,1,mpi_no_master_min_entries,8,100,1120,0,34415,521
34,addremove,3250,1,0,zipf,0,0,mpi_no_master_min_entries,8,200,1587,0,32273,618
34,addremove,3250,1,0,zipf,0,1,mpi_no_master_min_entries,8,200,1457,0,30712,689
34,addremove,3250,1,0,zipf,0,0,mpi_no_master_min_entries,8,500,1573,0,62480,387
34,addremove,3250,1,0,zipf,0,1,mpi_no_master_min_entries,8,500,1148,0,46364,423
34,addremove,3250,1,0,zipf,0,0,mpi_no_master_min_entries,8,1000,1717,0,161888,487
34,addremove,3250,1,0,zipf,0,1,mpi_no_master_min_entries,8,1000,1231,0,155101,497
5,addremove,1000,0.333333333333333,1,zipf,0,0,mpi_no_master_min_entries,8,20,1144,0,8826,159
5,addremove,1000,0.333333333333333,1,zipf,0,1,mpi_no_master_min_entries,8,20,786,0,2582,142
5,addremove,1000,0.333333333333333,1,zipf,0,0,mpi_no_master_min_entries,8,60,1430,0,8552,97
5,addremove,1000,0.333333333333333,1,zipf,0,1,mpi_no_master_min_entries,8,60,969,0,12342,27
5,addremove,1000,0.333333333333333,1,zipf,0,0,mpi_no_master_min_entries,8,100,1552,0,8399,231
5,addremove,1000,0.333333333333333,1,zipf,0,1,mpi_no_master_min_entries,8,100,925,0,9417,26
5,addremove,1000,0.333333333333333,1,zipf,0,0,mpi_no_master_min_entries,8,200,1467,0,12165,59
5,addremove,1000,0.333333333333333,1,zipf,0,1,mpi_no_master_min_entries,8,200,941,0,19009,95
5,addremove,1000,0.333333333333333,1,zipf,0,0,mpi_no_master_min_entries,8,500,1333,0,2806,31
5,addremove,1000,0.333333333333333,1,zipf,0,1,mpi_no_master_min_entries,8,500,777,0,2569,19
5,addremove,1000,0.333333333333333,1,zipf,0,0,mpi_no_master_min_entries,8,1000,1495,0,3920,23
5,addremove,1000,0.333333333333333,1,zipf,0,1,mpi_no_master_min_entries,8,1000,779,0,4100,25
60,add,7750,0.333333333333333,1,zipf,0,0,mpi_no_master_min_entries,8,20,2287,0,23211,211
60,add,7750,0.333333333333333,1,zipf,0,1,mpi_no_master_min_entries,8,20,2009,0,26677,184
60,add,7750,0.333333333333333,1,zipf,0,0,mpi_no_master_min_entries,8,60,2379,0,18303,204
60,add,7750,0.333333333333333,1,zipf,0,1,mpi_no_master_min_entries,8,60,2264,0,22292,182
60,add,7750,0.333333333333333,1,zipf,0,0,mpi_no_master_min_entries,8,100,2777,0,24109,191
60,add,7750,0.333333333333333,1,zipf,0,1,mpi_no_master_min_entries,8,100,2085,0,17479,211
60,add,7750,0.333333333333333,1,zipf,0,0,mpi_no_master_min_entries,8,200,2468,0,19488,172
60,add,7750,0.333333333333333,1,zipf,0,1,mpi_no_master_min_entries,8,200,1928,0,26630,178
60,add,7750,0.333333333333333,1,zipf,0,0,mpi_no_master_min_entries,8,500,2604,0,42312,169
60,add,7750,0.333333333333333,1,zipf,0,1,mpi_no_master_min_entries,8,500,2911,0,29955,189
60,add,7750,0.333333333333333,1,zipf,0,0,mpi_no_master_min_entries,8,1000,2268,0,83604,189
60,add,7750,0.333333333333333,1,zipf,0,1,mpi_no_master_min_entries,8,1000,2014,0,40862,168
62,addremove,7750,0.333333333333333,1,zipf,0,0,mpi_no_master_min_entries,8,20,2263,0,56043,575
62,addremove,7750,0.333333333333333,1,zipf,0,1,mpi_no_master_min_entries,8,20,1759,0,56711,657
62,addremove,7750,0.333333333333333,1,zipf,0,0,mpi_no_master_min_entries,8,60,1985,0,44071,672
62,addremove,7750,0.333333333333333,1,zipf,0,1,mpi_no_master_min_entries,8,60,1956,0,40225,571
62,addremove,7750,0.333333333333333,1,zipf,0,0,mpi_no_master_min_entries,8,100,2155,0,45300,648
62,addremove,7750,0.333333333333333,1,zipf,0,1,mpi_no_master_min_entries,8,100,1814,0,42721,663
62,addremove,7750,0.333333333333333,1,zipf,0,0,mpi_no_master_min_entries,8,200,2289,0,45671,701
62,addremove,7750,0.333333333333333,1,zipf,0,1,mpi_no_master_min_entries,8,200,2552,0,52852,663
62,addremove,7750,0.333333333333333,1,zipf,0,0,mpi_no_master_min_entries,8,500,2236,0,46491,441
62,addremove,7750,0.333333333333333,1,zipf,0,1,mpi_no_master_min_entries,8,500,1907,0,123055,452
62,addremove,7750,0.333333333333333,1,zipf,0,0,mpi_no_master_min_entries,8,1000,2195,0,223430,246
62,addremove,7750,0.333333333333333,1,zipf,0,1,mpi_no_master_min_entries,8,1000,1940,0,215158,198
0,add,1000,0.333333333333333,0,zipf,0,0,mpi_no_master_min_entries,8,20,1448,0,3425,15
0,add,1000,0.333333333333333,0,zipf,0,1,mpi_no_master_min_entries,8,20,1010,0,10701,22
0,add,1000,0.333333333333333,0,zipf,0,0,mpi_no_master_min_entries,8,60,1231,0,939,18
0,add,1000,0.333333333333333,0,zipf,0,1,mpi_no_master_min_entries,8,60,799,0,4851,17
0,add,1000,0.333333333333333,0,zipf,0,0,mpi_no_master_min_entries,8,100,1242,0,4401,17
0,add,1000,0.333333333333333,0,zipf,0,1,mpi_no_master_min_entries,8,100,758,0,772,14
0,add,1000,0.333333333333333,0,zipf,0,0,mpi_no_master_min_entries,8,200,1086,0,1082,16
0,add,1000,0.333333333333333,0,zipf,0,1,mpi_no_master_min_entries,8,200,938,0,1007,13
0,add,1000,0.333333333333333,0,zipf,0,0,mpi_no_master_min_entries,8,500,1677,0,1094,18
0,add,1000,0.333333333333333,0,zipf,0,1,mpi_no_master_min_entries,8,500,915,0,1102,17
0,add,1000,0.333333333333333,0,zipf,0,0,mpi_no_master_min_entries,8,1000,1169,0,1085,20
0,add,1000,0.333333333333333,0,zipf,0,1,mpi_no_master_min_entries,8,1000,904,0,1094,21
11,addremove,1000,0.666666666666667,1,zipf,0,0,mpi_no_master_min_entries,8,20,1303,0,16299,165
11,addremove,1000,0.666666666666667,1,zipf,0,1,mpi_no_master_min_entries,8,20,819,0,10295,157
11,addremove,1000,0.666666666666667,1,zipf,0,0,mpi_no_master_min_entries,8,60,1191,0,22503,107
11,addremove,1000,0.666666666666667,1,zipf,0,1,mpi_no_master_min_entries,8,60,969,0,10500,128
11,addremove,1000,0.666666666666667,1,zipf,0,0,mpi_no_master_min_entries,8,100,1253,0,6776,5088
11,addremove,1000,0.666666666666667,1,zipf,0,1,mpi_no_master_min_entries,8,100,892,0,14240,452
11,addremove,1000,0.666666666666667,1,zipf,0,0,mpi_no_master_min_entries,8,200,1249,0,8563,45
11,addremove,1000,0.666666666666667,1,zipf,0,1,mpi_no_master_min_entries,8,200,744,0,8224,25
11,addremove,1000,0.666666666666667,1,zipf,0,0,mpi_no_master_min_entries,8,500,1199,0,8867,24
11,addremove,1000,0.666666666666667,1,zipf,0,1,mpi_no_master_min_entries,8,500,1326,0,7407,36
11,addremove,1000,0.666666666666667,1,zipf,0,0,mpi_no_master_min_entries,8,1000,1278,0,5911,33
11,addremove,1000,0.666666666666667,1,zipf,0,1,mpi_no_master_min_entries,8,1000,798,0,6043,25
59,addremove,7750,0.333333333333333,0,zipf,0,0,mpi_no_master_min_entries,8,20,2503,0,44831,811
59,addremove,7750,0.333333333333333,0,zipf,0,1,mpi_no_master_min_entries,8,20,2095,0,55895,808
59,addremove,7750,0.333333333333333,0,zipf,0,0,mpi_no_master_min_entries,8,60,2069,0,57466,823
59,addremove,7750,0.333333333333333,0,zipf,0,1,mpi_no_master_min_entries,8,60,1830,0,37239,712
59,addremove,7750,0.333333333333333,0,zipf,0,0,mpi_no_master_min_entries,8,100,2502,0,38795,721
59,addremove,7750,0.333333333333333,0,zipf,0,1,mpi_no_master_min_entries,8,100,1875,0,46989,931
59,addremove,7750,0.333333333333333,0,zipf,0,0,mpi_no_master_min_entries,8,200,2357,0,45240,763
59,addremove,7750,0.333333333333333,0,zipf,0,1,mpi_no_master_min_entries,8,200,1892,0,45107,799
59,addremove,7750,0.333333333333333,0,zipf,0,0,mpi_no_master_min_entries,8,500,2659,0,53676,313
59,addremove,7750,0.333333333333333,0,zipf,0,1,mpi_no_master_min_entries,8,500,1909,0,46681,231
59,addremove,7750,0.333333333333333,0,zipf,0,0,mpi_no_master_min_entries,8,1000,2047,0,230200,343
59,addremove,7750,0.333333333333333,0,zipf,0,1,mpi_no_master_min_entries,8,1000,1881,0,191180,421
65,addremove,7750,0.666666666666667,0,zipf,0,0,mpi_no_master_min_entries,8,20,2357,0,99282,1002
65,addremove,7750,0.666666666666667,0,zipf,0,1,mpi_no_master_min_entries,8,20,2032,0,94956,901
65,addremove,7750,0.666666666666667,0,zipf,0,0,mpi_no_master_min_entries,8,60,2476,0,92108,769
65,addremove,7750,0.666666666666667,0,zipf,0,1,mpi_no_master_min_entries,8,60,2802,0,80737,742
65,addremove,7750,0.666666666666667,0,zipf,0,0,mpi_no_master_min_entries,8,100,2745,0,80219,963
65,addremove,7750,0.666666666666667,0,zipf,0,1,mpi_no_master_min_entries,8,100,2053,0,79283,1161
65,addremove,7750,0.666666666666667,0,zipf,0,0,mpi_no_master_min_entries,8,200,2200,0,87010,338
65,addremove,7750,0.666666666666667,0,zipf,0,1,mpi_no_master_min_entries,8,200,1777,0,80800,475
65,addremove,7750,0.666666666666667,0,zipf,0,0,mpi_no_master_min_entries,8,500,2225,0,100196,872
65,addremove,7750,0.666666666666667,0,zipf,0,1,mpi_no_master_min_entries,8,500,1860,0,100224,938
65,addremove,7750,0.666666666666667,0,zipf,0,0,mpi_no_master_min_entries,8,1000,2175,0,179842,473
65,addremove,7750,0.666666666666667,0,zipf,0,1,mpi_no_master_min_entries,8,1000,1764,0,190905,482
10,remove,1000,0.666666666666667,1,zipf,0,0,mpi_no_master_min_entries,8,20,1202,0,17623,183
10,remove,1000,0.666666666666667,1,zipf,0,1,mpi_no_master_min_entries,8,20,709,0,8484,176
10,remove,1000,0.666666666666667,1,zipf,0,0,mpi_no_master_min_entries,8,60,1315,0,6915,158
10,remove,1000,0.666666666666667,1,zipf,0,1,mpi_no_master_min_entries,8,60,1064,0,10414,181
10,remove,1000,0.666666666666667,1,zipf,0,0,mpi_no_master_min_entries,8,100,1395,0,4956,447
10,remove,1000,0.666666666666667,1,zipf,0,1,mpi_no_master_min_entries,8,100,669,0,25917,489
10,remove,1000,0.666666666666667,1,zipf,0,0,mpi_no_master_min_entries,8,200,1388,0,5150,1443
10,remove,1000,0.666666666666667,1,zipf,0,1,mpi_no_master_min_entries,8,200,781,0,7837,2887
10,remove,1000,0.666666666666667,1,zipf,0,0,mpi_no_master_min_entries,8,500,1120,0,14243,196
10,remove,1000,0.666666666666667,1,zipf,0,1,mpi_no_master_min_entries,8,500,1075,0,18883,254
10,remove,1000,0.666666666666667,1,zipf,0,0,mpi_no_master_min_entries,8,1000,1337,0,3537,18
10,remove,1000,0.666666666666667,1,zipf,0,1,mpi_no_master_min_entries,8,1000,962,0,3644,22
68,addremove,7750,0.666666666666667,1,zipf,0,0,mpi_no_master_min_entries,8,20,2140,0,85079,1019
68,addremove,7750,0.666666666666667,1,zipf,0,1,mpi_no_master_min_entries,8,20,2175,0,96989,1055
68,addremove,7750,0.666666666666667,1,zipf,0,0,mpi_no_master_min_entries,8,60,2564,0,65499,1255
68,addremove,7750,0.666666666666667,1,zipf,0,1,mpi_no_master_min_entries,8,60,2058,0,64879,1232
68,addremove,7750,0.666666666666667,1,zipf,0,0,mpi_no_master_min_entries,8,100,1994,0,97519,986
68,addremove,7750,0.666666666666667,1,zipf,0,1,mpi_no_master_min_entries,8,100,1832,0,126314,952
68,addremove,7750,0.666666666666667,1,zipf,0,0,mpi_no_master_min_entries,8,200,2181,0,52762,250
68,addremove,7750,0.666666666666667,1,zipf,0,1,mpi_no_master_min_entries,8,200,2174,0,78453,236
68,addremove,7750,0.666666666666667,1,zipf,0,0,mpi_no_master_min_entries,8,500,2304,0,108567,1053
68,addremove,7750,0.666666666666667,1,zipf,0,1,mpi_no_master_min_entries,8,500,2041,0,113151,736
68,addremove,7750,0.666666666666667,1,zipf,0,0,mpi_no_master_min_entries,8,1000,2204,0,222536,238
68,addremove,7750,0.666666666666667,1,zipf,0,1,mpi_no_master_min_entries,8,1000,1901,0,209600,272
72,addremove,7750,1,0,zipf,0,0,mpi_no_master_min_entries,8,20,2830,0,127767,958
72,addremove,7750,1,0,zipf,0,1,mpi_no_master_min_entries,8,20,1871,0,136449,1108
72,addremove,7750,1,0,zipf,0,0,mpi_no_master_min_entries,8,60,2121,0,128798,1235
72,addremove,7750,1,0,zipf,0,1,mpi_no_master_min_entries,8,60,1808,0,151350,1111
72,addremove,7750,1,0,zipf,0,0,mpi_no_master_min_entries,8,100,2305,0,164848,1196
72,addremove,7750,1,0,zipf,0,1,mpi_no_master_min_entries,8,100,1997,0,133320,1426
72,addremove,7750,1,0,zipf,0,0,mpi_no_master_min_entries,8,200,2177,0,139415,1203
72,addremove,7750,1,0,zipf,0,1,mpi_no_master_min_entries,8,200,1764,0,129434,1726
72,addremove,7750,1,0,zipf,0,0,mpi_no_master_min_entries,8,500,2190,0,214168,1048
72,addremove,7750,1,0,zipf,0,1,mpi_no_master_min_entries,8,500,2124,0,175657,1086
72,addremove,7750,1,0,zipf,0,0,mpi_no_master_min_entries,8,1000,2169,0,201516,333
72,addremove,7750,1,0,zipf,0,1,mpi_no_master_min_entries,8,1000,1832,0,288780,500
7,remove,1000,0.666666666666667,0,zipf,0,0,mpi_no_master_min_entries,8,20,1339,0,12879,144
7,remove,1000,0.666666666666667,0,zipf,0,1,mpi_no_master_min_entries,8,20,760,0,14927,150
7,remove,1000,0.666666666666667,0,zipf,0,0,mpi_no_master_min_entries,8,60,1014,0,5809,167
7,remove,1000,0.666666666666667,0,zipf,0,1,mpi_no_master_min_entries,8,60,831,0,8454,139
7,remove,1000,0.666666666666667,0,zipf,0,0,mpi_no_master_min_entries,8,100,1288,0,12086,90
7,remove,1000,0.666666666666667,0,zipf,0,1,mpi_no_master_min_entries,8,100,679,0,5696,187
7,remove,1000,0.666666666666667,0,zipf,0,0,mpi_no_master_min_entries,8,200,1293,0,10161,6163
7,remove,1000,0.666666666666667,0,zipf,0,1,mpi_no_master_min_entries,8,200,808,0,6257,3841
7,remove,1000,0.666666666666667,0,zipf,0,0,mpi_no_master_min_entries,8,500,1091,0,12498,242
7,remove,1000,0.666666666666667,0,zipf,0,1,mpi_no_master_min_entries,8,500,814,0,106272,229
7,remove,1000,0.666666666666667,0,zipf,0,0,mpi_no_master_min_entries,8,1000,1131,0,3336,18
7,remove,1000,0.666666666666667,0,zipf,0,1,mpi_no_master_min_entries,8,1000,771,0,3298,19
37,addremove,3250,1,1,zipf,0,0,mpi_no_master_min_entries,8,20,1329,0,25539,662
37,addremove,3250,1,1,zipf,0,1,mpi_no_master_min_entries,8,20,1154,0,16424,523
37,addremove,3250,1,1,zipf,0,0,mpi_no_master_min_entries,8,60,1564,0,21694,337
37,addremove,3250,1,1,zipf,0,1,mpi_no_master_min_entries,8,60,1311,0,12422,264
37,addremove,3250,1,1,zipf,0,0,mpi_no_master_min_entries,8,100,1502,0,8445,331
37,addremove,3250,1,1,zipf,0,1,mpi_no_master_min_entries,8,100,1496,0,10018,279
37,addremove,3250,1,1,zipf,0,0,mpi_no_master_min_entries,8,200,1590,0,22464,397
37,addremove,3250,1,1,zipf,0,1,mpi_no_master_min_entries,8,200,1732,0,26781,299
37,addremove,3250,1,1,zipf,0,0,mpi_no_master_min_entries,8,500,1429,0,62518,336
37,addremove,3250,1,1,zipf,0,1,mpi_no_master_min_entries,8,500,1127,0,59030,397
37,addremove,3250,1,1,zipf,0,0,mpi_no_master_min_entries,8,1000,1371,0,140638,490
37,addremove,3250,1,1,zipf,0,1,mpi_no_master_min_entries,8,1000,1059,0,173018,599
80,remove,10000,0.333333333333333,1,zipf,0,0,mpi_no_master_min_entries,8,20,2108,0,30539,655
80,remove,10000,0.333333333333333,1,zipf,0,1,mpi_no_master_min_entries,8,20,1961,0,41145,671
80,remove,10000,0.333333333333333,1,zipf,0,0,mpi_no_master_min_entries,8,60,2286,0,45937,659
80,remove,10000,0.333333333333333,1,zipf,0,1,mpi_no_master_min_entries,8,60,1818,0,56515,670
80,remove,10000,0.333333333333333,1,zipf,0,0,mpi_no_master_min_entries,8,100,2218,0,35277,636
80,remove,10000,0.333333333333333,1,zipf,0,1,mpi_no_master_min_entries,8,100,1818,0,26488,602
80,remove,10000,0.333333333333333,1,zipf,0,0,mpi_no_master_min_entries,8,200,5831,0,33958,689
80,remove,10000,0.333333333333333,1,zipf,0,1,mpi_no_master_min_entries,8,200,3252,0,77427,626
80,remove,10000,0.333333333333333,1,zipf,0,0,mpi_no_master_min_entries,8,500,2434,0,99187,190
80,remove,10000,0.333333333333333,1,zipf,0,1,mpi_no_master_min_entries,8,500,2130,0,87053,7167
80,remove,10000,0.333333333333333,1,zipf,0,0,mpi_no_master_min_entries,8,1000,2371,0,196247,304
80,remove,10000,0.333333333333333,1,zipf,0,1,mpi_no_master_min_entries,8,1000,1961,0,183570,231
33,remove,3250,1,0,zipf,0,0,mpi_no_master_min_entries,8,20,1426,0,35958,693
33,remove,3250,1,0,zipf,0,1,mpi_no_master_min_entries,8,20,970,0,40703,819
33,remove,3250,1,0,zipf,0,0,mpi_no_master_min_entries,8,60,1233,0,23472,697
33,remove,3250,1,0,zipf,0,1,mpi_no_master_min_entries,8,60,850,0,29325,695
33,remove,3250,1,0,zipf,0,0,mpi_no_master_min_entries,8,100,1326,0,30585,682
33,remove,3250,1,0,zipf,0,1,mpi_no_master_min_entries,8,100,1000,0,42971,693
33,remove,3250,1,0,zipf,0,0,mpi_no_master_min_entries,8,200,1054,0,29711,630
33,remove,3250,1,0,zipf,0,1,mpi_no_master_min_entries,8,200,954,0,32194,799
33,remove,3250,1,0,zipf,0,0,mpi_no_master_min_entries,8,500,1171,0,67925,1715
33,remove,3250,1,0,zipf,0,1,mpi_no_master_min_entries,8,500,813,0,53529,1018
33,remove,3250,1,0,zipf,0,0,mpi_no_master_min_entries,8,1000,1214,0,54029,21524
33,remove,3250,1,0,zipf,0,1,mpi_no_master_min_entries,8,1000,844,0,58197,429
87,addremove,10000,0.666666666666667,1,zipf,0,0,mpi_no_master_min_entries,8,20,2518,0,188598,1176
87,addremove,10000,0.666666666666667,1,zipf,0,1,mpi_no_master_min_entries,8,20,2186,0,279137,1139
87,addremove,10000,0.666666666666667,1,zipf,0,0,mpi_no_master_min_entries,8,60,2556,0,236591,1287
87,addremove,10000,0.666666666666667,1,zipf,0,1,mpi_no_master_min_entries,8,60,2177,0,232360,2105
87,addremove,10000,0.666666666666667,1,zipf,0,0,mpi_no_master_min_entries,8,100,2533,0,61036,720
87,addremove,10000,0.666666666666667,1,zipf,0,1,mpi_no_master_min_entries,8,100,2410,0,62737,696
87,addremove,10000,0.666666666666667,1,zipf,0,0,mpi_no_master_min_entries,8,200,3348,0,186061,1728
87,addremove,10000,0.666666666666667,1,zipf,0,1,mpi_no_master_min_entries,8,200,2250,0,243863,1411
87,addremove,10000,0.666666666666667,1,zipf,0,0,mpi_no_master_min_entries,8,500,2887,0,156936,1562
87,addremove,10000,0.666666666666667,1,zipf,0,1,mpi_no_master_min_entries,8,500,2309,0,159697,1129
87,addremove,10000,0.666666666666667,1,zipf,0,0,mpi_no_master_min_entries,8,1000,2362,0,258849,1184
87,addremove,10000,0.666666666666667,1,zipf,0,1,mpi_no_master_min_entries,8,1000,2414,0,219408,954
32,add,3250,1,0,zipf,0,0,mpi_no_master_min_entries,8,20,1640,0,32519,265
32,add,3250,1,0,zipf,0,1,mpi_no_master_min_entries,8,20,1379,0,133965,250
32,add,3250,1,0,zipf,0,0,mpi_no_master_min_entries,8,60,1944,0,47072,265
32,add,3250,1,0,zipf,0,1,mpi_no_master_min_entries,8,60,1352,0,26597,265
32,add,3250,1,0,zipf,0,0,mpi_no_master_min_entries,8,100,1611,0,27729,296
32,add,3250,1,0,zipf,0,1,mpi_no_master_min_entries,8,100,1416,0,85812,252
32,add,3250,1,0,zipf,0,0,mpi_no_master_min_entries,8,200,1693,0,36347,265
32,add,3250,1,0,zipf,0,1,mpi_no_master_min_entries,8,200,1440,0,28769,247
32,add,3250,1,0,zipf,0,0,mpi_no_master_min_entries,8,500,1880,0,41339,294
32,add,3250,1,0,zipf,0,1,mpi_no_master_min_entries,8,500,1414,0,47969,265
32,add,3250,1,0,zipf,0,0,mpi_no_master_min_entries,8,1000,1673,0,62295,244
32,add,3250,1,0,zipf,0,1,mpi_no_master_min_entries,8,1000,1303,0,63832,251
57,add,7750,0.333333333333333,0,zipf,0,0,mpi_no_master_min_entries,8,20,2759,0,33873,191
57,add,7750,0.333333333333333,0,zipf,0,1,mpi_no_master_min_entries,8,20,2730,0,22559,195
57,add,7750,0.333333333333333,0,zipf,0,0,mpi_no_master_min_entries,8,60,3265,0,31826,186
57,add,7750,0.333333333333333,0,zipf,0,1,mpi_no_master_min_entries,8,60,2137,0,23359,182
57,add,7750,0.333333333333333,0,zipf,0,0,mpi_no_master_min_entries,8,100,3270,0,25571,198
57,add,7750,0.333333333333333,0,zipf,0,1,mpi_no_master_min_entries,8,100,2012,0,26030,182
57,add,7750,0.333333333333333,0,zipf,0,0,mpi_no_master_min_entries,8,200,2201,0,25754,176
57,add,7750,0.333333333333333,0,zipf,0,1,mpi_no_master_min_entries,8,200,2202,0,23496,177
57,add,7750,0.333333333333333,0,zipf,0,0,mpi_no_master_min_entries,8,500,2606,0,27293,177
57,add,7750,0.333333333333333,0,zipf,0,1,mpi_no_master_min_entries,8,500,2122,0,33389,199
57,add,7750,0.333333333333333,0,zipf,0,0,mpi_no_master_min_entries,8,1000,2506,0,42945,190
57,add,7750,0.333333333333333,0,zipf,0,1,mpi_no_master_min_entries,8,1000,1969,0,42101,166
39,remove,5500,0.333333333333333,0,zipf,0,0,mpi_no_master_min_entries,8,20,1622,0,23817,531
39,remove,5500,0.333333333333333,0,zipf,0,1,mpi_no_master_min_entries,8,20,1250,0,14610,492
39,remove,5500,0.333333333333333,0,zipf,0,0,mpi_no_master_min_entries,8,60,1741,0,20691,450
39,remove,5500,0.333333333333333,0,zipf,0,1,mpi_no_master_min_entries,8,60,1523,0,26058,477
39,remove,5500,0.333333333333333,0,zipf,0,0,mpi_no_master_min_entries,8,100,1645,0,14546,452
39,remove,5500,0.333333333333333,0,zipf,0,1,mpi_no_master_min_entries,8,100,1259,0,10005,463
39,remove,5500,0.333333333333333,0,zipf,0,0,mpi_no_master_min_entries,8,200,1822,0,13846,398
39,remove,5500,0.333333333333333,0,zipf,0,1,mpi_no_master_min_entries,8,200,1399,0,19610,411
39,remove,5500,0.333333333333333,0,zipf,0,0,mpi_no_master_min_entries,8,500,1654,0,52999,418
39,remove,5500,0.333333333333333,0,zipf,0,1,mpi_no_master_min_entries,8,500,1261,0,44107,147
39,remove,5500,0.333333333333333,0,zipf,0,0,mpi_no_master_min_entries,8,1000,1930,0,263722,355
39,remove,5500,0.333333333333333,0,zipf,0,1,mpi_no_master_min_entries,8,1000,1286,0,201539,299
77,remove,10000,0.333333333333333,0,zipf,0,0,mpi_no_master_min_entries,8,20,2344,0,36045,615
77,remove,10000,0.333333333333333,0,zipf,0,1,mpi_no_master_min_entries,8,20,2167,0,29063,717
77,remove,10000,0.333333333333333,0,zipf,0,0,mpi_no_master_min_entries,8,60,2378,0,32570,657
77,remove,10000,0.333333333333333,0,zipf,0,1,mpi_no_master_min_entries,8,60,1947,0,29821,628
77,remove,10000,0.333333333333333,0,zipf,0,0,mpi_no_master_min_entries,8,100,2278,0,40684,667
77,remove,10000,0.333333333333333,0,zipf,0,1,mpi_no_master_min_entries,8,100,1845,0,42539,908
77,remove,10000,0.333333333333333,0,zipf,0,0,mpi_no_master_min_entries,8,200,2377,0,33344,679
77,remove,10000,0.333333333333333,0,zipf,0,1,mpi_no_master_min_entries,8,200,1984,0,30920,522
77,remove,10000,0.333333333333333,0,zipf,0,0,mpi_no_master_min_entries,8,500,2226,0,87538,286
77,remove,10000,0.333333333333333,0,zipf,0,1,mpi_no_master_min_entries,8,500,1965,0,46495,201
77,remove,10000,0.333333333333333,0,zipf,0,0,mpi_no_master_min_entries,8,1000,2638,0,173813,432
77,remove,10000,0.333333333333333,0,zipf,0,1,mpi_no_master_min_entries,8,1000,1910,0,180745,238
6,add,1000,0.666666666666667,0,zipf,0,0,mpi_no_master_min_entries,8,20,1216,0,3127,22
6,add,1000,0.666666666666667,0,zipf,0,1,mpi_no_master_min_entries,8,20,971,0,14130,27
6,add,1000,0.666666666666667,0,zipf,0,0,mpi_no_master_min_entries,8,60,1381,0,10391,36
6,add,1000,0.666666666666667,0,zipf,0,1,mpi_no_master_min_entries,8,60,810,0,11849,28
6,add,1000,0.666666666666667,0,zipf,0,0,mpi_no_master_min_entries,8,100,1236,0,3956,23
6,add,1000,0.666666666666667,0,zipf,0,1,mpi_no_master_min_entries,8,100,785,0,1719,23
6,add,1000,0.666666666666667,0,zipf,0,0,mpi_no_master_min_entries,8,200,1225,0,3166,38
6,add,1000,0.666666666666667,0,zipf,0,1,mpi_no_master_min_entries,8,200,860,0,2855,23
6,add,1000,0.666666666666667,0,zipf,0,0,mpi_no_master_min_entries,8,500,1528,0,7792,23
6,add,1000,0.666666666666667,0,zipf,0,1,mpi_no_master_min_entries,8,500,900,0,5867,22
6,add,1000,0.666666666666667,0,zipf,0,0,mpi_no_master_min_entries,8,1000,1737,0,4289,21
6,add,1000,0.666666666666667,0,zipf,0,1,mpi_no_master_min_entries,8,1000,852,0,4051,20
38,add,5500,0.333333333333333,0,zipf,0,0,mpi_no_master_min_entries,8,20,2003,0,15045,146
38,add,5500,0.333333333333333,0,zipf,0,1,mpi_no_master_min_entries,8,20,1625,0,18953,149
38,add,5500,0.333333333333333,0,zipf,0,0,mpi_no_master_min_entries,8,60,2135,0,20663,132
38,add,5500,0.333333333333333,0,zipf,0,1,mpi_no_master_min_entries,8,60,1922,0,15258,153
38,add,5500,0.333333333333333,0,zipf,0,0,mpi_no_master_min_entries,8,100,1981,0,13781,135
38,add,5500,0.333333333333333,0,zipf,0,1,mpi_no_master_min_entries,8,100,1660,0,27833,126
38,add,5500,0.333333333333333,0,zipf,0,0,mpi_no_master_min_entries,8,200,2443,0,17411,121
38,add,5500,0.333333333333333,0,zipf,0,1,mpi_no_master_min_entries,8,200,1624,0,13150,118
38,add,5500,0.333333333333333,0,zipf,0,0,mpi_no_master_min_entries,8,500,2211,0,19150,123
38,add,5500,0.333333333333333,0,zipf,0,1,mpi_no_master_min_entries,8,500,1591,0,17377,118
38,add,5500,0.333333333333333,0,zipf,0,0,mpi_no_master_min_entries,8,1000,1836,0,28130,146
38,add,5500,0.333333333333333,0,zipf,0,1,mpi_no_master_min_entries,8,1000,1551,0,27205,90
90,remove,10000,1,0,zipf,0,0,mpi_no_master_min_entries,8,20,1752,0,210866,1583
90,remove,10000,1,0,zipf,0,1,mpi_no_master_min_entries,8,20,1427,0,215572,1802
90,remove,10000,1,0,zipf,0,0,mpi_no_master_min_entries,8,60,1878,0,205631,1746
90,remove,10000,1,0,zipf,0,1,mpi_no_master_min_entries,8,60,1419,0,211784,1832
90,remove,10000,1,0,zipf,0,0,mpi_no_master_min_entries,8,100,1935,0,226423,1714
90,remove,10000,1,0,zipf,0,1,mpi_no_master_min_entries,8,100,1448,0,202012,1722
90,remove,10000,1,0,zipf,0,0,mpi_no_master_min_entries,8,200,2052,0,208070,1765
90,remove,10000,1,0,zipf,0,1,mpi_no_master_min_entries,8,200,1379,0,207677,1649
90,remove,10000,1,0,zipf,0,0,mpi_no_master_min_entries,8,500,1954,0,221835,1800
90,remove,10000,1,0,zipf,0,1,mpi_no_master_min_entries,8,500,1382,0,230774,1910
90,remove,10000,1,0,zipf,0,0,mpi_no_master_min_entries,8,1000,1964,0,294402,1708
90,remove,10000,1,0,zipf,0,1,mpi_no_master_min_entries,8,1000,1512,0,263421,1610
69,independent,7750,1,0,zipf,0,0,mpi_no_master_min_entries,8,20,2222,0,352844,1664
69,independent,7750,1,0,zipf,0,1,mpi_no_master_min_entries,8,20,2264,0,363581,1645
69,independent,7750,1,0,zipf,0,0,mpi_no_master_min_entries,8,60,2367,0,376551,1663
69,independent,7750,1,0,zipf,0,1,mpi_no_master_min_entries,8,60,2085,0,355515,1625
69,independent,7750,1,0,zipf,0,0,mpi_no_master_min_entries,8,100,2111,0,346205,1656
69,independent,7750,1,0,zipf,0,1,mpi_no_master_min_entries,8,100,1856,0,366609,1703
69,independent,7750,1,0,zipf,0,0,mpi_no_master_min_entries,8,200,2146,0,359052,1778
69,independent,7750,1,0,zipf,0,1,mpi_no_master_min_entries,8,200,1988,0,370047,1830
69,independent,7750,1,0,zipf,0,0,mpi_no_master_min_entries,8,500,2114,0,422295,1625
69,independent,7750,1,0,zipf,0,1,mpi_no_master_min_entries,8,500,1975,0,383112,1572
69,independent,7750,1,0,zipf,0,0,mpi_no_master_min_entries,8,1000,2177,0,421643,1468
69,independent,7750,1,0,zipf,0,1,mpi_no_master_min_entries,8,1000,2265,0,415077,1491
84,addremove,10000,0.666666666666667,0,zipf,0,0,mpi_no_master_min_entries,8,20,2615,0,135306,1318
84,addremove,10000,0.666666666666667,0,zipf,0,1,mpi_no_master_min_entries,8,20,2131,0,134023,1243
84,addremove,10000,0.666666666666667,0,zipf,0,0,mpi_no_master_min_entries,8,60,2772,0,147413,1177
84,addremove,10000,0.666666666666667,0,zipf,0,1,mpi_no_master_min_entries,8,60,2317,0,144476,1131
84,addremove,10000,0.666666666666667,0,zipf,0,0,mpi_no_master_min_entries,8,100,2516,0,142625,1159
84,addremove,10000,0.666666666666667,0,zipf,0,1,mpi_no_master_min_entries,8,100,2410,0,145198,1220
84,addremove,10000,0.666666666666667,0,zipf,0,0,mpi_no_master_min_entries,8,200,2689,0,146730,1079
84,addremove,10000,0.666666666666667,0,zipf,0,1,mpi_no_master_min_entries,8,200,2273,0,146777,1199
84,addremove,10000,0.666666666666667,0,zipf,0,0,mpi_no_master_min_entries,8,500,2554,0,207922,1396
84,addremove,10000,0.666666666666667,0,zipf,0,1,mpi_no_master_min_entries,8,500,2201,0,168892,1196
84,addremove,10000,0.666666666666667,0,zipf,0,0,mpi_no_master_min_entries,8,1000,2593,0,221445,288
84,addremove,10000,0.666666666666667,0,zipf,0,1,mpi_no_master_min_entries,8,1000,2692,0,209357,349
3,add,1000,0.333333333333333,1,zipf,0,0,mpi_no_master_min_entries,8,20,1105,0,11713,18
3,add,1000,0.333333333333333,1,zipf,0,1,mpi_no_master_min_entries,8,20,971,0,20746,18
3,add,1000,0.333333333333333,1,zipf,0,0,mpi_no_master_min_entries,8,60,1745,0,2800,15
3,add,1000,0.333333333333333,1,zipf,0,1,mpi_no_master_min_entries,8,60,1059,0,780,22
3,add,1000,0.333333333333333,1,zipf,0,0,mpi_no_master_min_entries,8,100,1394,0,874,17
3,add,1000,0.333333333333333,1,zipf,0,1,mpi_no_master_min_entries,8,100,832,0,849,19
3,add,1000,0.333333333333333,1,zipf,0,0,mpi_no_master_min_entries,8,200,1393,0,1087,15
3,add,1000,0.333333333333333,1,zipf,0,1,mpi_no_master_min_entries,8,200,806,0,1061,16
3,add,1000,0.333333333333333,1,zipf,0,0,mpi_no_master_min_entries,8,500,1525,0,1123,15
3,add,1000,0.333333333333333,1,zipf,0,1,mpi_no_master_min_entries,8,500,860,0,1094,15
3,add,1000,0.333333333333333,1,zipf,0,0,mpi_no_master_min_entries,8,1000,1101,0,1139,24
3,add,1000,0.333333333333333,1,zipf,0,1,mpi_no_master_min_entries,8,1000,883,0,1182,22
73,add,7750,1,1,zipf,0,0,mpi_no_master_min_entries,8,20,3472,0,171795,685
73,add,7750,1,1,zipf,0,1,mpi_no_master_min_entries,8,20,2507,0,163284,701
73,add,7750,1,1,zipf,0,0,mpi_no_master_min_entries,8,60,2842,0,158397,703
73,add,7750,1,1,zipf,0,1,mpi_no_master_min_entries,8,60,2818,0,151297,639
73,add,7750,1,1,zipf,0,0,mpi_no_master_min_entries,8,100,2956,0,146982,656
73,add,7750,1,1,zipf,0,1,mpi_no_master_min_entries,8,100,2542,0,140533,651
73,add,7750,1,1,zipf,0,0,mpi_no_master_min_entries,8,200,2834,0,140263,651
73,add,7750,1,1,zipf,0,1,mpi_no_master_min_entries,8,200,2413,0,145035,694
73,add,7750,1,1,zipf,0,0,mpi_no_master_min_entries,8,500,2880,0,147186,645
73,add,7750,1,1,zipf,0,1,mpi_no_master_min_entries,8,500,2502,0,156033,937
73,add,7750,1,1,zipf,0,0,mpi_no_master_min_entries,8,1000,2927,0,211901,655
73,add,7750,1,1,zipf,0,1,mpi_no_master_min_entries,8,1000,2526,0,206247,859
52,remove,5500,1,0,zipf,0,0,mpi_no_master_min_entries,8,20,1536,0,77433,1510
52,remove,5500,1,0,zipf,0,1,mpi_no_master_min_entries,8,20,1050,0,67993,1017
52,remove,5500,1,0,zipf,0,0,mpi_no_master_min_entries,8,60,1859,0,74458,1111
52,remove,5500,1,0,zipf,0,1,mpi_no_master_min_entries,8,60,1059,0,76862,1100
52,remove,5500,1,0,zipf,0,0,mpi_no_master_min_entries,8,100,2139,0,70048,163
52,remove,5500,1,0,zipf,0,1,mpi_no_master_min_entries,8,100,1120,0,82717,1089
52,remove,5500,1,0,zipf,0,0,mpi_no_master_min_entries,8,200,1421,0,81424,1109
52,remove,5500,1,0,zipf,0,1,mpi_no_master_min_entries,8,200,1114,0,81332,1426
52,remove,5500,1,0,zipf,0,0,mpi_no_master_min_entries,8,500,1329,0,81218,933
52,remove,5500,1,0,zipf,0,1,mpi_no_master_min_entries,8,500,1425,0,85033,1398
52,remove,5500,1,0,zipf,0,0,mpi_no_master_min_entries,8,1000,1603,0,124655,2347
52,remove,5500,1,0,zipf,0,1,mpi_no_master_min_entries,8,1000,1084,0,124193,1935
63,add,7750,0.666666666666667,0,zipf,0,0,mpi_no_master_min_entries,8,20,2686,0,69120,442
63,add,7750,0.666666666666667,0,zipf,0,1,mpi_no_master_min_entries,8,20,2528,0,82247,428
63,add,7750,0.666666666666667,0,zipf,0,0,mpi_no_master_min_entries,8,60,2610,0,67055,527
63,add,7750,0.666666666666667,0,zipf,0,1,mpi_no_master_min_entries,8,60,2501,0,69279,415
63,add,7750,0.666666666666667,0,zipf,0,0,mpi_no_master_min_entries,8,100,2616,0,62607,427
63,add,7750,0.666666666666667,0,zipf,0,1,mpi_no_master_min_entries,8,100,2233,0,67988,435
63,add,7750,0.666666666666667,0,zipf,0,0,mpi_no_master_min_entries,8,200,2797,0,75304,444
63,add,7750,0.666666666666667,0,zipf,0,1,mpi_no_master_min_entries,8,200,2518,0,69468,605
63,add,7750,0.666666666666667,0,zipf,0,0,mpi_no_master_min_entries,8,500,2668,0,80013,461
63,add,7750,0.666666666666667,0,zipf,0,1,mpi_no_master_min_entries,8,500,2220,0,82631,441
63,add,7750,0.666666666666667,0,zipf,0,0,mpi_no_master_min_entries,8,1000,2861,0,116088,419
63,add,7750,0.666666666666667,0,zipf,0,1,mpi_no_master_min_entries,8,1000,2347,0,108938,399
29,remove,3250,0.666666666666667,1,zipf,0,0,mpi_no_master_min_entries,8,20,1370,0,20765,550
29,remove,3250,0.666666666666667,1,zipf,0,1,mpi_no_master_min_entries,8,20,1128,0,36841,556
29,remove,3250,0.666666666666667,1,zipf,0,0,mpi_no_master_min_entries,8,60,1238,0,17211,573
29,remove,3250,0.666666666666667,1,zipf,0,1,mpi_no_master_min_entries,8,60,1520,0,27402,479
29,remove,3250,0.666666666666667,1,zipf,0,0,mpi_no_master_min_entries,8,100,1590,0,23970,516
29,remove,3250,0.666666666666667,1,zipf,0,1,mpi_no_master_min_entries,8,100,964,0,24655,477
29,remove,3250,0.666666666666667,1,zipf,0,0,mpi_no_master_min_entries,8,200,1368,0,18354,391
29,remove,3250,0.666666666666667,1,zipf,0,1,mpi_no_master_min_entries,8,200,2872,0,37376,421
29,remove,3250,0.666666666666667,1,zipf,0,0,mpi_no_master_min_entries,8,500,1200,0,102282,262
29,remove,3250,0.666666666666667,1,zipf,0,1,mpi_no_master_min_entries,8,500,941,0,59894,154
29,remove,3250,0.666666666666667,1,zipf,0,0,mpi_no_master_min_entries,8,1000,1537,0,80076,2515
29,remove,3250,0.666666666666667,1,zipf,0,1,mpi_no_master_min_entries,8,1000,1106,0,79553,8235
46,addremove,5500,0.666666666666667,0,zipf,0,0,mpi_no_master_min_entries,8,20,2084,0,44103,1057
46,addremove,5500,0.666666666666667,0,zipf,0,1,mpi_no_master_min_entries,8,20,1692,0,55059,795
46,addremove,5500,0.666666666666667,0,zipf,0,0,mpi_no_master_min_entries,8,60,1746,0,51536,681
46,addremove,5500,0.666666666666667,0,zipf,0,1,mpi_no_master_min_entries,8,60,1481,0,43601,757
46,addremove,5500,0.666666666666667,0,zipf,0,0,mpi_no_master_min_entries,8,100,1999,0,57407,414
46,addremove,5500,0.666666666666667,0,zipf,0,1,mpi_no_master_min_entries,8,100,1495,0,54878,234
46,addremove,5500,0.666666666666667,0,zipf,0,0,mpi_no_master_min_entries,8,200,1959,0,53453,663
46,addremove,5500,0.666666666666667,0,zipf,0,1,mpi_no_master_min_entries,8,200,1955,0,58563,693
46,addremove,5500,0.666666666666667,0,zipf,0,0,mpi_no_master_min_entries,8,500,1989,0,62785,732
46,addremove,5500,0.666666666666667,0,zipf,0,1,mpi_no_master_min_entries,8,500,1481,0,61477,636
46,addremove,5500,0.666666666666667,0,zipf,0,0,mpi_no_master_min_entries,8,1000,1876,0,205635,333
46,addremove,5500,0.666666666666667,0,zipf,0,1,mpi_no_master_min_entries,8,1000,1706,0,184387,485
58,remove,7750,0.333333333333333,0,zipf,0,0,mpi_no_master_min_entries,8,20,2036,0,35377,729
58,remove,7750,0.333333333333333,0,zipf,0,1,mpi_no_master_min_entries,8,20,1676,0,23061,544
58,remove,7750,0.333333333333333,0,zipf,0,0,mpi_no_master_min_entries,8,60,2078,0,26004,572
58,remove,7750,0.333333333333333,0,zipf,0,1,mpi_no_master_min_entries,8,60,1850,0,33771,533
58,remove,7750,0.333333333333333,0,zipf,0,0,mpi_no_master_min_entries,8,100,2202,0,34296,702
58,remove,7750,0.333333333333333,0,zipf,0,1,mpi_no_master_min_entries,8,100,1819,0,28877,520
58,remove,7750,0.333333333333333,0,zipf,0,0,mpi_no_master_min_entries,8,200,1937,0,22369,541
58,remove,7750,0.333333333333333,0,zipf,0,1,mpi_no_master_min_entries,8,200,1721,0,26718,788
58,remove,7750,0.333333333333333,0,zipf,0,0,mpi_no_master_min_entries,8,500,2050,0,65655,391
58,remove,7750,0.333333333333333,0,zipf,0,1,mpi_no_master_min_entries,8,500,1664,0,55998,348
58,remove,7750,0.333333333333333,0,zipf,0,0,mpi_no_master_min_entries,8,1000,2071,0,186016,184
58,remove,7750,0.333333333333333,0,zipf,0,1,mpi_no_master_min_entries,8,1000,1605,0,184460,353
91,addremove,10000,1,0,zipf,0,0,mpi_no_master_min_entries,8,20,2773,0,216844,243
91,addremove,10000,1,0,zipf,0,1,mpi_no_master_min_entries,8,20,2214,0,212060,186
91,addremove,10000,1,0,zipf,0,0,mpi_no_master_min_entries,8,60,3230,0,216039,1382
91,addremove,10000,1,0,zipf,0,1,mpi_no_master_min_entries,8,60,2313,0,249634,1362
91,addremove,10000,1,0,zipf,0,0,mpi_no_master_min_entries,8,100,3700,0,213636,1416
91,addremove,10000,1,0,zipf,0,1,mpi_no_master_min_entries,8,100,2208,0,208641,1557
91,addremove,10000,1,0,zipf,0,0,mpi_no_master_min_entries,8,200,2752,0,228205,484
91,addremove,10000,1,0,zipf,0,1,mpi_no_master_min_entries,8,200,2314,0,229303,387
91,addremove,10000,1,0,zipf,0,0,mpi_no_master_min_entries,8,500,2581,0,218162,1414
91,addremove,10000,1,0,zipf,0,1,mpi_no_master_min_entries,8,500,2434,0,231937,1585
91,addremove,10000,1,0,zipf,0,0,mpi_no_master_min_entries,8,1000,2675,0,282266,1155
91,addremove,10000,1,0,zipf,0,1,mpi_no_master_min_entries,8,1000,2362,0,285364,1178
48,remove,5500,0.666666666666667,1,zipf,0,0,mpi_no_master_min_entries,8,20,1550,0,38274,677
48,remove,5500,0.666666666666667,1,zipf,0,1,mpi_no_master_min_entries,8,20,1249,0,42618,808
48,remove,5500,0.666666666666667,1,zipf,0,0,mpi_no_master_min_entries,8,60,1751,0,39286,669
48,remove,5500,0.666666666666667,1,zipf,0,1,mpi_no_master_min_entries,8,60,1154,0,43201,736
48,remove,5500,0.666666666666667,1,zipf,0,0,mpi_no_master_min_entries,8,100,1611,0,37859,765
48,remove,5500,0.666666666666667,1,zipf,0,1,mpi_no_master_min_entries,8,100,1306,0,47570,947
48,remove,5500,0.666666666666667,1,zipf,0,0,mpi_no_master_min_entries,8,200,1440,0,34036,702
48,remove,5500,0.666666666666667,1,zipf,0,1,mpi_no_master_min_entries,8,200,1219,0,32867,823
48,remove,5500,0.666666666666667,1,zipf,0,0,mpi_no_master_min_entries,8,500,2087,0,55019,86
48,remove,5500,0.666666666666667,1,zipf,0,1,mpi_no_master_min_entries,8,500,1153,0,65730,141
48,remove,5500,0.666666666666667,1,zipf,0,0,mpi_no_master_min_entries,8,1000,1595,0,208511,470
48,remove,5500,0.666666666666667,1,zipf,0,1,mpi_no_master_min_entries,8,1000,1337,0,163720,465
49,addremove,5500,0.666666666666667,1,zipf,0,0,mpi_no_master_min_entries,8,20,1689,0,52941,819
49,addremove,5500,0.666666666666667,1,zipf,0,1,mpi_no_master_min_entries,8,20,1519,0,51491,888
49,addremove,5500,0.666666666666667,1,zipf,0,0,mpi_no_master_min_entries,8,60,1658,0,69149,729
49,addremove,5500,0.666666666666667,1,zipf,0,1,mpi_no_master_min_entries,8,60,1440,0,60881,752
49,addremove,5500,0.666666666666667,1,zipf,0,0,mpi_no_master_min_entries,8,100,1756,0,66669,920
49,addremove,5500,0.666666666666667,1,zipf,0,1,mpi_no_master_min_entries,8,100,1443,0,62525,698
49,addremove,5500,0.666666666666667,1,zipf,0,0,mpi_no_master_min_entries,8,200,1669,0,44860,555
49,addremove,5500,0.666666666666667,1,zipf,0,1,mpi_no_master_min_entries,8,200,1461,0,57942,647
49,addremove,5500,0.666666666666667,1,zipf,0,0,mpi_no_master_min_entries,8,500,1876,0,70368,675
49,addremove,5500,0.666666666666667,1,zipf,0,1,mpi_no_master_min_entries,8,500,1412,0,66532,633
49,addremove,5500,0.666666666666667,1,zipf,0,0,mpi_no_master_min_entries,8,1000,2028,0,184009,449
49,addremove,5500,0.666666666666667,1,zipf,0,1,mpi_no_master_min_entries,8,1000,1862,0,185812,549
83,remove,10000,0.666666666666667,0,zipf,0,0,mpi_no_master_min_entries,8,20,2016,0,109303,994
83,remove,10000,0.666666666666667,0,zipf,0,1,mpi_no_master_min_entries,8,20,1651,0,93334,946
83,remove,10000,0.666666666666667,0,zipf,0,0,mpi_no_master_min_entries,8,60,2220,0,110889,1037
83,remove,10000,0.666666666666667,0,zipf,0,1,mpi_no_master_min_entries,8,60,1722,0,104081,1048
83,remove,10000,0.666666666666667,0,zipf,0,0,mpi_no_master_min_entries,8,100,2337,0,103103,996
83,remove,10000,0.666666666666667,0,zipf,0,1,mpi_no_master_min_entries,8,100,1560,0,95439,1109
83,remove,10000,0.666666666666667,0,zipf,0,0,mpi_no_master_min_entries,8,200,1985,0,101605,1002
83,remove,10000,0.666666666666667,0,zipf,0,1,mpi_no_master_min_entries,8,200,1847,0,116225,1033
83,remove,10000,0.666666666666667,0,zipf,0,0,mpi_no_master_min_entries,8,500,2096,0,168287,1126
83,remove,10000,0.666666666666667,0,zipf,0,1,mpi_no_master_min_entries,8,500,2049,0,202268,1261
83,remove,10000,0.666666666666667,0,zipf,0,0,mpi_no_master_min_entries,8,1000,2006,0,183546,271
83,remove,10000,0.666666666666667,0,zipf,0,1,mpi_no_master_min_entries,8,1000,1747,0,181061,236
35,add,3250,1,1,zipf,0,0,mpi_no_master_min_entries,8,20,1791,0,35134,252
35,add,3250,1,1,zipf,0,1,mpi_no_master_min_entries,8,20,1836,0,46294,341
35,add,3250,1,1,zipf,0,0,mpi_no_master_min_entries,8,60,1936,0,38253,269
35,add,3250,1,1,zipf,0,1,mpi_no_master_min_entries,8,60,1457,0,52414,257
35,add,3250,1,1,zipf,0,0,mpi_no_master_min_entries,8,100,1757,0,35390,263
35,add,3250,1,1,zipf,0,1,mpi_no_master_min_entries,8,100,1459,0,42111,371
35,add,3250,1,1,zipf,0,0,mpi_no_master_min_entries,8,200,1779,0,33260,263
35,add,3250,1,1,zipf,0,1,mpi_no_master_min_entries,8,200,1521,0,43338,263
35,add,3250,1,1,zipf,0,0,mpi_no_master_min_entries,8,500,1791,0,42077,274
35,add,3250,1,1,zipf,0,1,mpi_no_master_min_entries,8,500,1498,0,44427,423
35,add,3250,1,1,zipf,0,0,mpi_no_master_min_entries,8,1000,1718,0,58406,272
35,add,3250,1,1,zipf,0,1,mpi_no_master_min_entries,8,1000,1713,0,59293,249
12,independent,1000,1,0,zipf,0,0,mpi_no_master_min_entries,8,20,1211,0,20492,234
12,independent,1000,1,0,zipf,0,1,mpi_no_master_min_entries,8,20,783,0,14555,259
12,independent,1000,1,0,zipf,0,0,mpi_no_master_min_entries,8,60,1223,0,11522,238
12,independent,1000,1,0,zipf,0,1,mpi_no_master_min_entries,8,60,1017,0,20912,270
12,independent,1000,1,0,zipf,0,0,mpi_no_master_min_entries,8,100,1214,0,14139,326
12,independent,1000,1,0,zipf,0,1,mpi_no_master_min_entries,8,100,1488,0,20305,280
12,independent,1000,1,0,zipf,0,0,mpi_no_master_min_entries,8,200,1264,0,14227,598
12,independent,1000,1,0,zipf,0,1,mpi_no_master_min_entries,8,200,761,0,8799,117
12,independent,1000,1,0,zipf,0,0,mpi_no_master_min_entries,8,500,1215,0,33540,288
12,independent,1000,1,0,zipf,0,1,mpi_no_master_min_entries,8,500,747,0,28428,328
12,independent,1000,1,0,zipf,0,0,mpi_no_master_min_entries,8,1000,1264,0,19856,65
12,independent,1000,1,0,zipf,0,1,mpi_no_master_min_entries,8,1000,820,0,23559,65
40,addremove,5500,0.333333333333333,0,zipf,0,0,mpi_no_master_min_entries,8,20,1728,0,41127,648
40,addremove,5500,0.333333333333333,0,zipf,0,1,mpi_no_master_min_entries,8,20,1370,0,20839,417
40,addremove,5500,0.333333333333333,0,zipf,0,0,mpi_no_master_min_entries,8,60,1871,0,25579,416
40,addremove,5500,0.333333333333333,0,zipf,0,1,mpi_no_master_min_entries,8,60,1561,0,35800,512
40,addremove,5500,0.333333333333333,0,zipf,0,0,mpi_no_master_min_entries,8,100,1700,0,28672,515
40,addremove,5500,0.333333333333333,0,zipf,0,1,mpi_no_master_min_entries,8,100,1478,0,46005,570
40,addremove,5500,0.333333333333333,0,zipf,0,0,mpi_no_master_min_entries,8,200,2023,0,23778,497
40,addremove,5500,0.333333333333333,0,zipf,0,1,mpi_no_master_min_entries,8,200,1604,0,26833,539
40,addremove,5500,0.333333333333333,0,zipf,0,0,mpi_no_master_min_entries,8,500,2158,0,54375,129
40,addremove,5500,0.333333333333333,0,zipf,0,1,mpi_no_master_min_entries,8,500,1555,0,103294,231
40,addremove,5500,0.333333333333333,0,zipf,0,0,mpi_no_master_min_entries,8,1000,1621,0,173981,336
40,addremove,5500,0.333333333333333,0,zipf,0,1,mpi_no_master_min_entries,8,1000,1491,0,236090,511
19,add,3250,0.333333333333333,0,zipf,0,0,mpi_no_master_min_entries,8,20,1645,0,21650,51
19,add,3250,0.333333333333333,0,zipf,0,1,mpi_no_master_min_entries,8,20,1299,0,17667,40
19,add,3250,0.333333333333333,0,zipf,0,0,mpi_no_master_min_entries,8,60,1592,0,12986,49
19,add,3250,0.333333333333333,0,zipf,0,1,mpi_no_master_min_entries,8,60,1174,0,10060,45
19,add,3250,0.333333333333333,0,zipf,0,0,mpi_no_master_min_entries,8,100,1723,0,13743,51
19,add,3250,0.333333333333333,0,zipf,0,1,mpi_no_master_min_entries,8,100,1244,0,12545,47
19,add,3250,0.333333333333333,0,zipf,0,0,mpi_no_master_min_entries,8,200,1811,0,9473,39
19,add,3250,0.333333333333333,0,zipf,0,1,mpi_no_master_min_entries,8,200,1274,0,6491,38
19,add,3250,0.333333333333333,0,zipf,0,0,mpi_no_master_min_entries,8,500,1566,0,14850,41
19,add,3250,0.333333333333333,0,zipf,0,1,mpi_no_master_min_entries,8,500,1194,0,8595,28
19,add,3250,0.333333333333333,0,zipf,0,0,mpi_no_master_min_entries,8,1000,1772,0,10471,30
19,add,3250,0.333333333333333,0,zipf,0,1,mpi_no_master_min_entries,8,1000,1572,0,10613,36
16,add,1000,1,1,zipf,0,0,mpi_no_master_min_entries,8,20,1593,0,9320,52
16,add,1000,1,1,zipf,0,1,mpi_no_master_min_entries,8,20,909,0,19288,40
16,add,1000,1,1,zipf,0,0,mpi_no_master_min_entries,8,60,1347,0,8121,40
16,add,1000,1,1,zipf,0,1,mpi_no_master_min_entries,8,60,1058,0,13442,50
16,add,1000,1,1,zipf,0,0,mpi_no_master_min_entries,8,100,1405,0,54006,65
16,add,1000,1,1,zipf,0,1,mpi_no_master_min_entries,8,100,1213,0,6470,40
16,add,1000,1,1,zipf,0,0,mpi_no_master_min_entries,8,200,1133,0,10610,47
16,add,1000,1,1,zipf,0,1,mpi_no_master_min_entries,8,200,837,0,8366,43
16,add,1000,1,1,zipf,0,0,mpi_no_master_min_entries,8,500,1302,0,13052,49
16,add,1000,1,1,zipf,0,1,mpi_no_master_min_entries,8,500,871,0,11850,35
16,add,1000,1,1,zipf,0,0,mpi_no_master_min_entries,8,1000,1103,0,9474,28
16,add,1000,1,1,zipf,0,1,mpi_no_master_min_entries,8,1000,845,0,9234,29
8,addremove,1000,0.666666666666667,0,zipf,0,0,mpi_no_master_min_entries,8,20,1168,0,10084,52
8,addremove,1000,0.666666666666667,0,zipf,0,1,mpi_no_master_min_entries,8,20,1030,0,8873,149
8,addremove,1000,0.666666666666667,0,zipf,0,0,mpi_no_master_min_entries,8,60,1301,0,14897,138
8,addremove,1000,0.666666666666667,0,zipf,0,1,mpi_no_master_min_entries,8,60,982,0,8812,115
8,addremove,1000,0.666666666666667,0,zipf,0,0,mpi_no_master_min_entries,8,100,1222,0,9040,67
8,addremove,1000,0.666666666666667,0,zipf,0,1,mpi_no_master_min_entries,8,100,838,0,12627,2452
8,addremove,1000,0.666666666666667,0,zipf,0,0,mpi_no_master_min_entries,8,200,1121,0,10738,191
8,addremove,1000,0.666666666666667,0,zipf,0,1,mpi_no_master_min_entries,8,200,1063,0,12528,68
8,addremove,1000,0.666666666666667,0,zipf,0,0,mpi_no_master_min_entries,8,500,1226,0,5706,39
8,addremove,1000,0.666666666666667,0,zipf,0,1,mpi_no_master_min_entries,8,500,969,0,5506,32
8,addremove,1000,0.666666666666667,0,zipf,0,0,mpi_no_master_min_entries,8,1000,1237,0,4975,34
8,addremove,1000,0.666666666666667,0,zipf,0,1,mpi_no_master_min_entries,8,1000,910,0,5134,34
61,remove,7750,0.333333333333333,1,zipf,0,0,mpi_no_master_min_entries,8,20,2491,0,27055,589
61,remove,7750,0.333333333333333,1,zipf,0,1,mpi_no_master_min_entries,8,20,1577,0,17723,631
61,remove,7750,0.333333333333333,1,zipf,0,0,mpi_no_master_min_entries,8,60,2194,0,34991,631
61,remove,7750,0.333333333333333,1,zipf,0,1,mpi_no_master_min_entries,8,60,2405,0,28768,623
61,remove,7750,0.333333333333333,1,zipf,0,0,mpi_no_master_min_entries,8,100,2147,0,20459,595
61,remove,7750,0.333333333333333,1,zipf,0,1,mpi_no_master_min_entries,8,100,1757,0,25897,5769
61,remove,7750,0.333333333333333,1,zipf,0,0,mpi_no_master_min_entries,8,200,2090,0,39901,617
61,remove,7750,0.333333333333333,1,zipf,0,1,mpi_no_master_min_entries,8,200,1649,0,26174,592
61,remove,7750,0.333333333333333,1,zipf,0,0,mpi_no_master_min_entries,8,500,2494,0,48452,141
61,remove,7750,0.333333333333333,1,zipf,0,1,mpi_no_master_min_entries,8,500,1767,0,55120,273
61,remove,7750,0.333333333333333,1,zipf,0,0,mpi_no_master_min_entries,8,1000,2306,0,189675,404
61,remove,7750,0.333333333333333,1,zipf,0,1,mpi_no_master_min_entries,8,1000,1634,0,224093,458
81,addremove,10000,0.333333333333333,1,zipf,0,0,mpi_no_master_min_entries,8,20,2346,0,84485,800
81,addremove,10000,0.333333333333333,1,zipf,0,1,mpi_no_master_min_entries,8,20,2323,0,70494,810
81,addremove,10000,0.333333333333333,1,zipf,0,0,mpi_no_master_min_entries,8,60,2691,0,76304,967
81,addremove,10000,0.333333333333333,1,zipf,0,1,mpi_no_master_min_entries,8,60,3420,0,53717,923
81,addremove,10000,0.333333333333333,1,zipf,0,0,mpi_no_master_min_entries,8,100,2868,0,71411,809
81,addremove,10000,0.333333333333333,1,zipf,0,1,mpi_no_master_min_entries,8,100,2203,0,64274,764
81,addremove,10000,0.333333333333333,1,zipf,0,0,mpi_no_master_min_entries,8,200,2648,0,63467,957
81,addremove,10000,0.333333333333333,1,zipf,0,1,mpi_no_master_min_entries,8,200,2351,0,62495,700
81,addremove,10000,0.333333333333333,1,zipf,0,0,mpi_no_master_min_entries,8,500,3208,0,57690,569
81,addremove,10000,0.333333333333333,1,zipf,0,1,mpi_no_master_min_entries,8,500,2390,0,78293,707
81,addremove,10000,0.333333333333333,1,zipf,0,0,mpi_no_master_min_entries,8,1000,3190,0,196222,451
81,addremove,10000,0.333333333333333,1,zipf,0,1,mpi_no_master_min_entries,8,1000,2230,0,229123,299
17,remove,1000,1,1,zipf,0,0,mpi_no_master_min_entries,8,20,1788,0,17978,267
17,remove,1000,1,1,zipf,0,1,mpi_no_master_min_entries,8,20,1027,0,57356,293
17,remove,1000,1,1,zipf,0,0,mpi_no_master_min_entries,8,60,1222,0,23070,366
17,remove,1000,1,1,zipf,0,1,mpi_no_master_min_entries,8,60,924,0,55890,267
17,remove,1000,1,1,zipf,0,0,mpi_no_master_min_entries,8,100,13805,0,4880,170
17,remove,1000,1,1,zipf,0,1,mpi_no_master_min_entries,8,100,783,0,8120,277
17,remove,1000,1,1,zipf,0,0,mpi_no_master_min_entries,8,200,1283,0,9431,697
17,remove,1000,1,1,zipf,0,1,mpi_no_master_min_entries,8,200,745,0,5848,12549
17,remove,1000,1,1,zipf,0,0,mpi_no_master_min_entries,8,500,1146,0,10584,273
17,remove,1000,1,1,zipf,0,1,mpi_no_master_min_entries,8,500,761,0,10554,314
17,remove,1000,1,1,zipf,0,0,mpi_no_master_min_entries,8,1000,1429,0,7085,4513
17,remove,1000,1,1,zipf,0,1,mpi_no_master_min_entries,8,1000,929,0,6937,12152
26,remove,3250,0.666666666666667,0,zipf,0,0,mpi_no_master_min_entries,8,20,7882,0,14394,540
26,remove,3250,0.666666666666667,0,zipf,0,1,mpi_no_master_min_entries,8,20,1055,0,19275,533
26,remove,3250,0.666666666666667,0,zipf,0,0,mpi_no_master_min_entries,8,60,1358,0,18898,517
26,remove,3250,0.666666666666667,0,zipf,0,1,mpi_no_master_min_entries,8,60,1135,0,31319,519
26,remove,3250,0.666666666666667,0,zipf,0,0,mpi_no_master_min_entries,8,100,1340,0,16986,564
26,remove,3250,0.666666666666667,0,zipf,0,1,mpi_no_master_min_entries,8,100,1032,0,15352,544
26,remove,3250,0.666666666666667,0,zipf,0,0,mpi_no_master_min_entries,8,200,1447,0,13729,494
26,remove,3250,0.666666666666667,0,zipf,0,1,mpi_no_master_min_entries,8,200,1309,0,17074,515
26,remove,3250,0.666666666666667,0,zipf,0,0,mpi_no_master_min_entries,8,500,1465,0,58466,262
26,remove,3250,0.666666666666667,0,zipf,0,1,mpi_no_master_min_entries,8,500,1686,0,48320,145
26,remove,3250,0.666666666666667,0,zipf,0,0,mpi_no_master_min_entries,8,1000,1305,0,79968,12241
26,remove,3250,0.666666666666667,0,zipf,0,1,mpi_no_master_min_entries,8,1000,918,0,78319,10300
24,addremove,3250,0.333333333333333,1,zipf,0,0,mpi_no_master_min_entries,8,20,2180,0,47055,424
24,addremove,3250,0.333333333333333,1,zipf,0,1,mpi_no_master_min_entries,8,20,1064,0,23748,398
24,addremove,3250,0.333333333333333,1,zipf,0,0,mpi_no_master_min_entries,8,60,1667,0,29809,335
24,addremove,3250,0.333333333333333,1,zipf,0,1,mpi_no_master_min_entries,8,60,1143,0,8256,228
24,addremove,3250,0.333333333333333,1,zipf,0,0,mpi_no_master_min_entries,8,100,1931,0,21375,352
24,addremove,3250,0.333333333333333,1,zipf,0,1,mpi_no_master_min_entries,8,100,1279,0,16948,355
24,addremove,3250,0.333333333333333,1,zipf,0,0,mpi_no_master_min_entries,8,200,1607,0,16680,127
24,addremove,3250,0.333333333333333,1,zipf,0,1,mpi_no_master_min_entries,8,200,1322,0,14815,2615
24,addremove,3250,0.333333333333333,1,zipf,0,0,mpi_no_master_min_entries,8,500,1638,0,53356,201
24,addremove,3250,0.333333333333333,1,zipf,0,1,mpi_no_master_min_entries,8,500,1197,0,58948,206
24,addremove,3250,0.333333333333333,1,zipf,0,0,mpi_no_master_min_entries,8,1000,1825,0,22293,85
24,addremove,3250,0.333333333333333,1,zipf,0,1,mpi_no_master_min_entries,8,1000,1111,0,21630,60
85,add,10000,0.666666666666667,1,zipf,0,0,mpi_no_master_min_entries,8,20,3121,0,101895,549
85,add,10000,0.666666666666667,1,zipf,0,1,mpi_no_master_min_entries,8,20,2928,0,108319,570
85,add,10000,0.666666666666667,1,zipf,0,0,mpi_no_master_min_entries,8,60,3067,0,124176,556
85,add,10000,0.666666666666667,1,zipf,0,1,mpi_no_master_min_entries,8,60,2941,0,110517,551
85,add,10000,0.666666666666667,1,zipf,0,0,mpi_no_master_min_entries,8,100,3037,0,105716,572
85,add,10000,0.666666666666667,1,zipf,0,1,mpi_no_master_min_entries,8,100,2975,0,111946,598
85,add,10000,0.666666666666667,1,zipf,0,0,mpi_no_master_min_entries,8,200,2963,0,111815,679
85,add,10000,0.666666666666667,1,zipf,0,1,mpi_no_master_min_entries,8,200,2861,0,112472,588
85,add,10000,0.666666666666667,1,zipf,0,0,mpi_no_master_min_entries,8,500,3409,0,130628,760
85,add,10000,0.666666666666667,1,zipf,0,1,mpi_no_master_min_entries,8,500,2760,0,118812,552
85,add,10000,0.666666666666667,1,zipf,0,0,mpi_no_master_min_entries,8,1000,3102,0,171842,759
85,add,10000,0.666666666666667,1,zipf,0,1,mpi_no_master_min_entries,8,1000,2863,0,160764,758
2,addremove,1000,0.333333333333333,0,zipf,0,0,mpi_no_master_min_entries,8,20,1077,0,12481,169
2,addremove,1000,0.333333333333333,0,zipf,0,1,mpi_no_master_min_entries,8,20,1649,0,21002,122
2,addremove,1000,0.333333333333333,0,zipf,0,0,mpi_no_master_min_entries,8,60,1229,0,79787,134
2,addremove,1000,0.333333333333333,0,zipf,0,1,mpi_no_master_min_entries,8,60,935,0,53454,245
2,addremove,1000,0.333333333333333,0,zipf,0,0,mpi_no_master_min_entries,8,100,1371,0,11357,60
2,addremove,1000,0.333333333333333,0,zipf,0,1,mpi_no_master_min_entries,8,100,790,0,5659,252
2,addremove,1000,0.333333333333333,0,zipf,0,0,mpi_no_master_min_entries,8,200,1305,0,8476,323
2,addremove,1000,0.333333333333333,0,zipf,0,1,mpi_no_master_min_entries,8,200,944,0,12210,45
2,addremove,1000,0.333333333333333,0,zipf,0,0,mpi_no_master_min_entries,8,500,1281,0,1782,22
2,addremove,1000,0.333333333333333,0,zipf,0,1,mpi_no_master_min_entries,8,500,897,0,1791,27
2,addremove,1000,0.333333333333333,0,zipf,0,0,mpi_no_master_min_entries,8,1000,1182,0,1898,26
2,addremove,1000,0.333333333333333,0,zipf,0,1,mpi_no_master_min_entries,8,1000,1297,0,2004,22
1,remove,1000,0.333333333333333,0,zipf,0,0,mpi_no_master_min_entries,8,20,1147,0,17896,134
1,remove,1000,0.333333333333333,0,zipf,0,1,mpi_no_master_min_entries,8,20,870,0,32088,175
1,remove,1000,0.333333333333333,0,zipf,0,0,mpi_no_master_min_entries,8,60,1042,0,13815,2167
1,remove,1000,0.333333333333333,0,zipf,0,1,mpi_no_master_min_entries,8,60,927,0,11847,129
1,remove,1000,0.333333333333333,0,zipf,0,0,mpi_no_master_min_entries,8,100,1237,0,20705,134
1,remove,1000,0.333333333333333,0,zipf,0,1,mpi_no_master_min_entries,8,100,713,0,10376,65
1,remove,1000,0.333333333333333,0,zipf,0,0,mpi_no_master_min_entries,8,200,1243,0,10033,68
1,remove,1000,0.333333333333333,0,zipf,0,1,mpi_no_master_min_entries,8,200,807,0,7621,53
1,remove,1000,0.333333333333333,0,zipf,0,0,mpi_no_master_min_entries,8,500,1236,0,1045,15
1,remove,1000,0.333333333333333,0,zipf,0,1,mpi_no_master_min_entries,8,500,784,0,1004,14
1,remove,1000,0.333333333333333,0,zipf,0,0,mpi_no_master_min_entries,8,1000,997,0,982,13
1,remove,1000,0.333333333333333,0,zipf,0,1,mpi_no_master_min_entries,8,1000,751,0,971,16
75,addremove,7750,1,1,zipf,0,0,mpi_no_master_min_entries,8,20,2261,0,137670,891
75,addremove,7750,1,1,zipf,0,1,mpi_no_master_min_entries,8,20,1897,0,150369,911
75,addremove,7750,1,1,zipf,0,0,mpi_no_master_min_entries,8,60,2295,0,100417,369
75,addremove,7750,1,1,zipf,0,1,mpi_no_master_min_entries,8,60,1827,0,90698,441
75,addremove,7750,1,1,zipf,0,0,mpi_no_master_min_entries,8,100,2298,0,114804,1082
75,addremove,7750,1,1,zipf,0,1,mpi_no_master_min_entries,8,100,2023,0,109722,1174
75,addremove,7750,1,1,zipf,0,0,mpi_no_master_min_entries,8,200,2216,0,48519,668
75,addremove,7750,1,1,zipf,0,1,mpi_no_master_min_entries,8,200,2111,0,49555,671
75,addremove,7750,1,1,zipf,0,0,mpi_no_master_min_entries,8,500,2156,0,86982,816
75,addremove,7750,1,1,zipf,0,1,mpi_no_master_min_entries,8,500,1907,0,91817,740
75,addremove,7750,1,1,zipf,0,0,mpi_no_master_min_entries,8,1000,2161,0,193848,510
75,addremove,7750,1,1,zipf,0,1,mpi_no_master_min_entries,8,1000,2117,0,211073,419
27,addremove,3250,0.666666666666667,0,zipf,0,0,mpi_no_master_min_entries,8,20,1638,0,26799,551
27,addremove,3250,0.666666666666667,0,zipf,0,1,mpi_no_master_min_entries,8,20,1229,0,24984,487
27,addremove,3250,0.666666666666667,0,zipf,0,0,mpi_no_master_min_entries,8,60,1666,0,33031,500
27,addremove,3250,0.666666666666667,0,zipf,0,1,mpi_no_master_min_entries,8,60,1205,0,21622,549
27,addremove,3250,0.666666666666667,0,zipf,0,0,mpi_no_master_min_entries,8,100,1551,0,23953,356
27,addremove,3250,0.666666666666667,0,zipf,0,1,mpi_no_master_min_entries,8,100,1197,0,32466,448
27,addremove,3250,0.666666666666667,0,zipf,0,0,mpi_no_master_min_entries,8,200,1675,0,24787,495
27,addremove,3250,0.666666666666667,0,zipf,0,1,mpi_no_master_min_entries,8,200,1292,0,31696,459
27,addremove,3250,0.666666666666667,0,zipf,0,0,mpi_no_master_min_entries,8,500,1463,0,117721,208
27,addremove,3250,0.666666666666667,0,zipf,0,1,mpi_no_master_min_entries,8,500,1137,0,63926,371
27,addremove,3250,0.666666666666667,0,zipf,0,0,mpi_no_master_min_entries,8,1000,2193,0,141452,13656
27,addremove,3250,0.666666666666667,0,zipf,0,1,mpi_no_master_min_entries,8,1000,1065,0,140850,609
70,add,7750,1,0,zipf,0,0,mpi_no_master_min_entries,8,20,2854,0,147317,681
70,add,7750,1,0,zipf,0,1,mpi_no_master_min_entries,8,20,2658,0,145246,676
70,add,7750,1,0,zipf,0,0,mpi_no_master_min_entries,8,60,2807,0,140346,765
70,add,7750,1,0,zipf,0,1,mpi_no_master_min_entries,8,60,2708,0,137013,750
70,add,7750,1,0,zipf,0,0,mpi_no_master_min_entries,8,100,2689,0,143898,731
70,add,7750,1,0,zipf,0,1,mpi_no_master_min_entries,8,100,2432,0,140774,662
70,add,7750,1,0,zipf,0,0,mpi_no_master_min_entries,8,200,2797,0,175218,690
70,add,7750,1,0,zipf,0,1,mpi_no_master_min_entries,8,200,2481,0,136164,654
70,add,7750,1,0,zipf,0,0,mpi_no_master_min_entries,8,500,2732,0,170093,645
70,add,7750,1,0,zipf,0,1,mpi_no_master_min_entries,8,500,2578,0,169268,649
70,add,7750,1,0,zipf,0,0,mpi_no_master_min_entries,8,1000,2877,0,235560,661
70,add,7750,1,0,zipf,0,1,mpi_no_master_min_entries,8,1000,2785,0,199262,808
15,addremove,1000,1,0,zipf,0,0,mpi_no_master_min_entries,8,20,1180,0,7465,174
15,addremove,1000,1,0,zipf,0,1,mpi_no_master_min_entries,8,20,835,0,27821,152
15,addremove,1000,1,0,zipf,0,0,mpi_no_master_min_entries,8,60,1068,0,4304,147
15,addremove,1000,1,0,zipf,0,1,mpi_no_master_min_entries,8,60,805,0,93629,167
15,addremove,1000,1,0,zipf,0,0,mpi_no_master_min_entries,8,100,1328,0,14899,159
15,addremove,1000,1,0,zipf,0,1,mpi_no_master_min_entries,8,100,768,0,32550,126
15,addremove,1000,1,0,zipf,0,0,mpi_no_master_min_entries,8,200,1084,0,8788,68
15,addremove,1000,1,0,zipf,0,1,mpi_no_master_min_entries,8,200,1019,0,25363,259
15,addremove,1000,1,0,zipf,0,0,mpi_no_master_min_entries,8,500,1283,0,6832,39
15,addremove,1000,1,0,zipf,0,1,mpi_no_master_min_entries,8,500,845,0,7069,41
15,addremove,1000,1,0,zipf,0,0,mpi_no_master_min_entries,8,1000,1301,0,8511,39
15,addremove,1000,1,0,zipf,0,1,mpi_no_master_min_entries,8,1000,1836,0,8373,38
42,remove,5500,0.333333333333333,1,zipf,0,0,mpi_no_master_min_entries,8,20,1656,0,31775,535
42,remove,5500,0.333333333333333,1,zipf,0,1,mpi_no_master_min_entries,8,20,1671,0,10675,500
42,remove,5500,0.333333333333333,1,zipf,0,0,mpi_no_master_min_entries,8,60,1893,0,52709,634
42,remove,5500,0.333333333333333,1,zipf,0,1,mpi_no_master_min_entries,8,60,1988,0,41422,451
42,remove,5500,0.333333333333333,1,zipf,0,0,mpi_no_master_min_entries,8,100,2229,0,18699,476
42,remove,5500,0.333333333333333,1,zipf,0,1,mpi_no_master_min_entries,8,100,1264,0,19249,366
42,remove,5500,0.333333333333333,1,zipf,0,0,mpi_no_master_min_entries,8,200,1592,0,19234,341
42,remove,5500,0.333333333333333,1,zipf,0,1,mpi_no_master_min_entries,8,200,1271,0,12861,337
42,remove,5500,0.333333333333333,1,zipf,0,0,mpi_no_master_min_entries,8,500,2107,0,46732,165
42,remove,5500,0.333333333333333,1,zipf,0,1,mpi_no_master_min_entries,8,500,1548,0,55811,355
42,remove,5500,0.333333333333333,1,zipf,0,0,mpi_no_master_min_entries,8,1000,1620,0,215386,133
42,remove,5500,0.333333333333333,1,zipf,0,1,mpi_no_master_min_entries,8,1000,1597,0,179716,203
76,add,10000,0.333333333333333,0,zipf,0,0,mpi_no_master_min_entries,8,20,2851,0,29202,288
76,add,10000,0.333333333333333,0,zipf,0,1,mpi_no_master_min_entries,8,20,2343,0,72112,268
76,add,10000,0.333333333333333,0,zipf,0,0,mpi_no_master_min_entries,8,60,2818,0,34543,336
76,add,10000,0.333333333333333,0,zipf,0,1,mpi_no_master_min_entries,8,60,2846,0,37288,280
76,add,10000,0.333333333333333,0,zipf,0,0,mpi_no_master_min_entries,8,100,2941,0,42503,380
76,add,10000,0.333333333333333,0,zipf,0,1,mpi_no_master_min_entries,8,100,2580,0,43955,270
76,add,10000,0.333333333333333,0,zipf,0,0,mpi_no_master_min_entries,8,200,2869,0,103822,289
76,add,10000,0.333333333333333,0,zipf,0,1,mpi_no_master_min_entries,8,200,2829,0,49524,275
76,add,10000,0.333333333333333,0,zipf,0,0,mpi_no_master_min_entries,8,500,3048,0,53931,276
76,add,10000,0.333333333333333,0,zipf,0,1,mpi_no_master_min_entries,8,500,2459,0,46986,272
76,add,10000,0.333333333333333,0,zipf,0,0,mpi_no_master_min_entries,8,1000,3052,0,60503,254
76,add,10000,0.333333333333333,0,zipf,0,1,mpi_no_master_min_entries,8,1000,2538,0,60967,266
93,remove,10000,1,1,zipf,0,0,mpi_no_master_min_entries,8,20,1850,0,239960,2448
93,remove,10000,1,1,zipf,0,1,mpi_no_master_min_entries,8,20,1347,0,238995,2402
93,remove,10000,1,1,zipf,0,0,mpi_no_master_min_entries,8,60,1709,0,230338,2062
93,remove,10000,1,1,zipf,0,1,mpi_no_master_min_entries,8,60,1433,0,222975,1832
93,remove,10000,1,1,zipf,0,0,mpi_no_master_min_entries,8,100,2265,0,249604,2140
93,remove,10000,1,1,zipf,0,1,mpi_no_master_min_entries,8,100,1856,0,245246,2132
93,remove,10000,1,1,zipf,0,0,mpi_no_master_min_entries,8,200,1956,0,242602,2464
93,remove,10000,1,1,zipf,0,1,mpi_no_master_min_entries,8,200,1442,0,238708,2848
93,remove,10000,1,1,zipf,0,0,mpi_no_master_min_entries,8,500,2232,0,215617,1656
93,remove,10000,1,1,zipf,0,1,mpi_no_master_min_entries,8,500,1420,0,234863,2685
93,remove,10000,1,1,zipf,0,0,mpi_no_master_min_entries,8,1000,1743,0,267707,1777
93,remove,10000,1,1,zipf,0,1,mpi_no_master_min_entries,8,1000,1394,0,277402,1808
20,remove,3250,0.333333333333333,0,zipf,0,0,mpi_no_master_min_entries,8,20,1694,0,15411,227
20,remove,3250,0.333333333333333,0,zipf,0,1,mpi_no_master_min_entries,8,20,984,0,5773,184
20,remove,3250,0.333333333333333,0,zipf,0,0,mpi_no_master_min_entries,8,60,1410,0,4333,72
20,remove,3250,0.333333333333333,0,zipf,0,1,mpi_no_master_min_entries,8,60,1127,0,7835,173
20,remove,3250,0.333333333333333,0,zipf,0,0,mpi_no_master_min_entries,8,100,1269,0,13246,209
20,remove,3250,0.333333333333333,0,zipf,0,1,mpi_no_master_min_entries,8,100,1007,0,7680,216
20,remove,3250,0.333333333333333,0,zipf,0,0,mpi_no_master_min_entries,8,200,1177,0,7757,65
20,remove,3250,0.333333333333333,0,zipf,0,1,mpi_no_master_min_entries,8,200,1141,0,10971,2489
20,remove,3250,0.333333333333333,0,zipf,0,0,mpi_no_master_min_entries,8,500,1283,0,48634,253
20,remove,3250,0.333333333333333,0,zipf,0,1,mpi_no_master_min_entries,8,500,1305,0,49438,167
20,remove,3250,0.333333333333333,0,zipf,0,0,mpi_no_master_min_entries,8,1000,1513,0,105309,1925
20,remove,3250,0.333333333333333,0,zipf,0,1,mpi_no_master_min_entries,8,1000,1004,0,101949,455
21,addremove,3250,0.333333333333333,0,zipf,0,0,mpi_no_master_min_entries,8,20,2171,0,16427,354
21,addremove,3250,0.333333333333333,0,zipf,0,1,mpi_no_master_min_entries,8,20,1110,0,20198,414
21,addremove,3250,0.333333333333333,0,zipf,0,0,mpi_no_master_min_entries,8,60,1457,0,15679,366
21,addremove,3250,0.333333333333333,0,zipf,0,1,mpi_no_master_min_entries,8,60,1106,0,7373,355
21,addremove,3250,0.333333333333333,0,zipf,0,0,mpi_no_master_min_entries,8,100,1403,0,14349,257
21,addremove,3250,0.333333333333333,0,zipf,0,1,mpi_no_master_min_entries,8,100,1028,0,11300,265
21,addremove,3250,0.333333333333333,0,zipf,0,0,mpi_no_master_min_entries,8,200,1409,0,15299,115
21,addremove,3250,0.333333333333333,0,zipf,0,1,mpi_no_master_min_entries,8,200,1249,0,11430,243
21,addremove,3250,0.333333333333333,0,zipf,0,0,mpi_no_master_min_entries,8,500,1577,0,52407,151
21,addremove,3250,0.333333333333333,0,zipf,0,1,mpi_no_master_min_entries,8,500,1252,0,63704,324
21,addremove,3250,0.333333333333333,0,zipf,0,0,mpi_no_master_min_entries,8,1000,1685,0,21321,79
21,addremove,3250,0.333333333333333,0,zipf,0,1,mpi_no_master_min_entries,8,1000,1072,0,20719,84
31,independent,3250,1,0,zipf,0,0,mpi_no_master_min_entries,8,20,1379,0,66017,883
31,independent,3250,1,0,zipf,0,1,mpi_no_master_min_entries,8,20,1185,0,72071,818
31,independent,3250,1,0,zipf,0,0,mpi_no_master_min_entries,8,60,1373,0,67724,697
31,independent,3250,1,0,zipf,0,1,mpi_no_master_min_entries,8,60,1305,0,65406,727
31,independent,3250,1,0,zipf,0,0,mpi_no_master_min_entries,8,100,1426,0,64497,1137
31,independent,3250,1,0,zipf,0,1,mpi_no_master_min_entries,8,100,1115,0,71480,822
31,independent,3250,1,0,zipf,0,0,mpi_no_master_min_entries,8,200,1546,0,75384,792
31,independent,3250,1,0,zipf,0,1,mpi_no_master_min_entries,8,200,1200,0,106962,894
31,independent,3250,1,0,zipf,0,0,mpi_no_master_min_entries,8,500,1546,0,79814,768
31,independent,3250,1,0,zipf,0,1,mpi_no_master_min_entries,8,500,1252,0,82894,749
31,independent,3250,1,0,zipf,0,0,mpi_no_master_min_entries,8,1000,2025,0,157279,332
31,independent,3250,1,0,zipf,0,1,mpi_no_master_min_entries,8,1000,1191,0,172010,421
71,remove,7750,1,0,zipf,0,0,mpi_no_master_min_entries,8,20,1655,0,148109,1747
71,remove,7750,1,0,zipf,0,1,mpi_no_master_min_entries,8,20,1354,0,153886,1578
71,remove,7750,1,0,zipf,0,0,mpi_no_master_min_entries,8,60,1798,0,149462,1625
71,remove,7750,1,0,zipf,0,1,mpi_no_master_min_entries,8,60,1220,0,146903,1390
71,remove,7750,1,0,zipf,0,0,mpi_no_master_min_entries,8,100,1557,0,158681,1407
71,remove,7750,1,0,zipf,0,1,mpi_no_master_min_entries,8,100,1202,0,143391,1422
71,remove,7750,1,0,zipf,0,0,mpi_no_master_min_entries,8,200,1766,0,152945,1521
71,remove,7750,1,0,zipf,0,1,mpi_no_master_min_entries,8,200,1328,0,145169,1395
71,remove,7750,1,0,zipf,0,0,mpi_no_master_min_entries,8,500,1508,0,164219,1630
71,remove,7750,1,0,zipf,0,1,mpi_no_master_min_entries,8,500,1231,0,152401,1384
71,remove,7750,1,0,zipf,0,0,mpi_no_master_min_entries,8,1000,1627,0,180081,5246
71,remove,7750,1,0,zipf,0,1,mpi_no_master_min_entries,8,1000,1326,0,210241,5105
66,add,7750,0.666666666666667,1,zipf,0,0,mpi_no_master_min_entries,8,20,3332,0,82419,509
66,add,7750,0.666666666666667,1,zipf,0,1,mpi_no_master_min_entries,8,20,2299,0,66080,631
66,add,7750,0.666666666666667,1,zipf,0,0,mpi_no_master_min_entries,8,60,3075,0,65934,523
66,add,7750,0.666666666666667,1,zipf,0,1,mpi_no_master_min_entries,8,60,2282,0,70977,422
66,add,7750,0.666666666666667,1,zipf,0,0,mpi_no_master_min_entries,8,100,2476,0,66900,434
66,add,7750,0.666666666666667,1,zipf,0,1,mpi_no_master_min_entries,8,100,2301,0,67555,457
66,add,7750,0.666666666666667,1,zipf,0,0,mpi_no_master_min_entries,8,200,2775,0,68172,406
66,add,7750,0.666666666666667,1,zipf,0,1,mpi_no_master_min_entries,8,200,2317,0,70380,482
66,add,7750,0.666666666666667,1,zipf,0,0,mpi_no_master_min_entries,8,500,2986,0,79292,413
66,add,7750,0.666666666666667,1,zipf,0,1,mpi_no_master_min_entries,8,500,2291,0,90218,402
66,add,7750,0.666666666666667,1,zipf,0,0,mpi_no_master_min_entries,8,1000,2716,0,114372,394
66,add,7750,0.666666666666667,1,zipf,0,1,mpi_no_master_min_entries,8,1000,2313,0,117303,422
94,addremove,10000,1,1,zipf,0,0,mpi_no_master_min_entries,8,20,2648,0,141761,1180
94,addremove,10000,1,1,zipf,0,1,mpi_no_master_min_entries,8,20,2611,0,131311,1048
94,addremove,10000,1,1,zipf,0,0,mpi_no_master_min_entries,8,60,2657,0,132900,1611
94,addremove,10000,1,1,zipf,0,1,mpi_no_master_min_entries,8,60,4342,0,205126,1028
94,addremove,10000,1,1,zipf,0,0,mpi_no_master_min_entries,8,100,3139,0,704141,1790
94,addremove,10000,1,1,zipf,0,1,mpi_no_master_min_entries,8,100,2117,0,345206,1838
94,addremove,10000,1,1,zipf,0,0,mpi_no_master_min_entries,8,200,4019,0,804059,1592
94,addremove,10000,1,1,zipf,0,1,mpi_no_master_min_entries,8,200,2680,0,368672,2138
94,addremove,10000,1,1,zipf,0,0,mpi_no_master_min_entries,8,500,2699,0,410046,1586
94,addremove,10000,1,1,zipf,0,1,mpi_no_master_min_entries,8,500,2501,0,405440,1802
94,addremove,10000,1,1,zipf,0,0,mpi_no_master_min_entries,8,1000,2822,0,268697,1083
94,addremove,10000,1,1,zipf,0,1,mpi_no_master_min_entries,8,1000,2271,0,232329,1127
56,addremove,5500,1,1,zipf,0,0,mpi_no_master_min_entries,8,20,1962,0,123763,561
56,addremove,5500,1,1,zipf,0,1,mpi_no_master_min_entries,8,20,1440,0,86516,601
56,addremove,5500,1,1,zipf,0,0,mpi_no_master_min_entries,8,60,1855,0,96221,739
56,addremove,5500,1,1,zipf,0,1,mpi_no_master_min_entries,8,60,1432,0,95273,724
56,addremove,5500,1,1,zipf,0,0,mpi_no_master_min_entries,8,100,1844,0,62938,823
56,addremove,5500,1,1,zipf,0,1,mpi_no_master_min_entries,8,100,1451,0,61756,720
56,addremove,5500,1,1,zipf,0,0,mpi_no_master_min_entries,8,200,1952,0,78202,729
56,addremove,5500,1,1,zipf,0,1,mpi_no_master_min_entries,8,200,2143,0,92462,732
56,addremove,5500,1,1,zipf,0,0,mpi_no_master_min_entries,8,500,1921,0,89986,813
56,addremove,5500,1,1,zipf,0,1,mpi_no_master_min_entries,8,500,1617,0,78207,903
56,addremove,5500,1,1,zipf,0,0,mpi_no_master_min_entries,8,1000,1815,0,197024,499
56,addremove,5500,1,1,zipf,0,1,mpi_no_master_min_entries,8,1000,1609,0,199310,569
82,add,10000,0.666666666666667,0,zipf,0,0,mpi_no_master_min_entries,8,20,2961,0,98380,558
82,add,10000,0.666666666666667,0,zipf,0,1,mpi_no_master_min_entries,8,20,2741,0,104269,564
82,add,10000,0.666666666666667,0,zipf,0,0,mpi_no_master_min_entries,8,60,3091,0,108903,565
82,add,10000,0.666666666666667,0,zipf,0,1,mpi_no_master_min_entries,8,60,2705,0,107222,549
82,add,10000,0.666666666666667,0,zipf,0,0,mpi_no_master_min_entries,8,100,2971,0,102381,542
82,add,10000,0.666666666666667,0,zipf,0,1,mpi_no_master_min_entries,8,100,2910,0,172803,552
82,add,10000,0.666666666666667,0,zipf,0,0,mpi_no_master_min_entries,8,200,3165,0,111079,745
82,add,10000,0.666666666666667,0,zipf,0,1,mpi_no_master_min_entries,8,200,2755,0,120542,561
82,add,10000,0.666666666666667,0,zipf,0,0,mpi_no_master_min_entries,8,500,3125,0,117877,546
82,add,10000,0.666666666666667,0,zipf,0,1,mpi_no_master_min_entries,8,500,2977,0,119470,555
82,add,10000,0.666666666666667,0,zipf,0,0,mpi_no_master_min_entries,8,1000,3201,0,155264,551
82,add,10000,0.666666666666667,0,zipf,0,1,mpi_no_master_min_entries,8,1000,2749,0,162209,531
44,add,5500,0.666666666666667,0,zipf,0,0,mpi_no_master_min_entries,8,20,2360,0,40068,291
44,add,5500,0.666666666666667,0,zipf,0,1,mpi_no_master_min_entries,8,20,1700,0,32137,364
44,add,5500,0.666666666666667,0,zipf,0,0,mpi_no_master_min_entries,8,60,3978,0,39192,321
44,add,5500,0.666666666666667,0,zipf,0,1,mpi_no_master_min_entries,8,60,1805,0,38220,290
44,add,5500,0.666666666666667,0,zipf,0,0,mpi_no_master_min_entries,8,100,2169,0,36864,350
44,add,5500,0.666666666666667,0,zipf,0,1,mpi_no_master_min_entries,8,100,1847,0,40913,334
44,add,5500,0.666666666666667,0,zipf,0,0,mpi_no_master_min_entries,8,200,2102,0,38181,283
44,add,5500,0.666666666666667,0,zipf,0,1,mpi_no_master_min_entries,8,200,1695,0,104828,282
44,add,5500,0.666666666666667,0,zipf,0,0,mpi_no_master_min_entries,8,500,2441,0,51092,384
44,add,5500,0.666666666666667,0,zipf,0,1,mpi_no_master_min_entries,8,500,1959,0,46508,312
44,add,5500,0.666666666666667,0,zipf,0,0,mpi_no_master_min_entries,8,1000,2210,0,74142,280
44,add,5500,0.666666666666667,0,zipf,0,1,mpi_no_master_min_entries,8,1000,1927,0,68297,272
51,add,5500,1,0,zipf,0,0,mpi_no_master_min_entries,8,20,2320,0,81917,583
51,add,5500,1,0,zipf,0,1,mpi_no_master_min_entries,8,20,2238,0,115228,733
51,add,5500,1,0,zipf,0,0,mpi_no_master_min_entries,8,60,2226,0,77946,469
51,add,5500,1,0,zipf,0,1,mpi_no_master_min_entries,8,60,2029,0,85124,480
51,add,5500,1,0,zipf,0,0,mpi_no_master_min_entries,8,100,2313,0,84190,534
51,add,5500,1,0,zipf,0,1,mpi_no_master_min_entries,8,100,2207,0,79434,539
51,add,5500,1,0,zipf,0,0,mpi_no_master_min_entries,8,200,2952,0,81219,504
51,add,5500,1,0,zipf,0,1,mpi_no_master_min_entries,8,200,2131,0,87829,496
51,add,5500,1,0,zipf,0,0,mpi_no_master_min_entries,8,500,2335,0,156332,489
51,add,5500,1,0,zipf,0,1,mpi_no_master_min_entries,8,500,2631,0,122691,449
51,add,5500,1,0,zipf,0,0,mpi_no_master_min_entries,8,1000,2706,0,126062,460
51,add,5500,1,0,zipf,0,1,mpi_no_master_min_entries,8,1000,1864,0,123185,602
30,addremove,3250,0.666666666666667,1,zipf,0,0,mpi_no_master_min_entries,8,20,2660,0,10970,223
30,addremove,3250,0.666666666666667,1,zipf,0,1,mpi_no_master_min_entries,8,20,1083,0,20536,225
30,addremove,3250,0.666666666666667,1,zipf,0,0,mpi_no_master_min_entries,8,60,1485,0,33122,535
30,addremove,3250,0.666666666666667,1,zipf,0,1,mpi_no_master_min_entries,8,60,1201,0,45129,672
30,addremove,3250,0.666666666666667,1,zipf,0,0,mpi_no_master_min_entries,8,100,1651,0,28592,479
30,addremove,3250,0.666666666666667,1,zipf,0,1,mpi_no_master_min_entries,8,100,1321,0,35178,615
30,addremove,3250,0.666666666666667,1,zipf,0,0,mpi_no_master_min_entries,8,200,1649,0,20220,1184
30,addremove,3250,0.666666666666667,1,zipf,0,1,mpi_no_master_min_entries,8,200,1152,0,15610,339
30,addremove,3250,0.666666666666667,1,zipf,0,0,mpi_no_master_min_entries,8,500,1502,0,57623,190
30,addremove,3250,0.666666666666667,1,zipf,0,1,mpi_no_master_min_entries,8,500,1069,0,69718,440
30,addremove,3250,0.666666666666667,1,zipf,0,0,mpi_no_master_min_entries,8,1000,1420,0,18123,51
30,addremove,3250,0.666666666666667,1,zipf,0,1,mpi_no_master_min_entries,8,1000,1094,0,17645,66
79,add,10000,0.333333333333333,1,zipf,0,0,mpi_no_master_min_entries,8,20,2762,0,38843,320
79,add,10000,0.333333333333333,1,zipf,0,1,mpi_no_master_min_entries,8,20,2760,0,43775,293
79,add,10000,0.333333333333333,1,zipf,0,0,mpi_no_master_min_entries,8,60,2930,0,41146,333
79,add,10000,0.333333333333333,1,zipf,0,1,mpi_no_master_min_entries,8,60,2540,0,25333,259
79,add,10000,0.333333333333333,1,zipf,0,0,mpi_no_master_min_entries,8,100,2825,0,74260,290
79,add,10000,0.333333333333333,1,zipf,0,1,mpi_no_master_min_entries,8,100,2439,0,83590,270
79,add,10000,0.333333333333333,1,zipf,0,0,mpi_no_master_min_entries,8,200,3078,0,33281,246
79,add,10000,0.333333333333333,1,zipf,0,1,mpi_no_master_min_entries,8,200,2534,0,45774,301
79,add,10000,0.333333333333333,1,zipf,0,0,mpi_no_master_min_entries,8,500,3149,0,41754,328
79,add,10000,0.333333333333333,1,zipf,0,1,mpi_no_master_min_entries,8,500,2625,0,51975,407
79,add,10000,0.333333333333333,1,zipf,0,0,mpi_no_master_min_entries,8,1000,2864,0,86433,299
79,add,10000,0.333333333333333,1,zipf,0,1,mpi_no_master_min_entries,8,1000,2874,0,73390,303
67,remove,7750,0.666666666666667,1,zipf,0,0,mpi_no_master_min_entries,8,20,2108,0,82554,1126
67,remove,7750,0.666666666666667,1,zipf,0,1,mpi_no_master_min_entries,8,20,1371,0,64733,985
67,remove,7750,0.666666666666667,1,zipf,0,0,mpi_no_master_min_entries,8,60,1675,0,70081,1081
67,remove,7750,0.666666666666667,1,zipf,0,1,mpi_no_master_min_entries,8,60,1506,0,59091,942
67,remove,7750,0.666666666666667,1,zipf,0,0,mpi_no_master_min_entries,8,100,1783,0,62846,950
67,remove,7750,0.666666666666667,1,zipf,0,1,mpi_no_master_min_entries,8,100,1700,0,69685,979
67,remove,7750,0.666666666666667,1,zipf,0,0,mpi_no_master_min_entries,8,200,1853,0,73613,940
67,remove,7750,0.666666666666667,1,zipf,0,1,mpi_no_master_min_entries,8,200,1319,0,65955,776
67,remove,7750,0.666666666666667,1,zipf,0,0,mpi_no_master_min_entries,8,500,1709,0,70279,869
67,remove,7750,0.666666666666667,1,zipf,0,1,mpi_no_master_min_entries,8,500,1389,0,84347,895
67,remove,7750,0.666666666666667,1,zipf,0,0,mpi_no_master_min_entries,8,1000,2073,0,183354,254
67,remove,7750,0.666666666666667,1,zipf,0,1,mpi_no_master_min_entries,8,1000,1424,0,177414,383
50,independent,5500,1,0,zipf,0,0,mpi_no_master_min_entries,8,20,1860,0,183781,1320
50,independent,5500,1,0,zipf,0,1,mpi_no_master_min_entries,8,20,1702,0,178357,1556
50,independent,5500,1,0,zipf,0,0,mpi_no_master_min_entries,8,60,2202,0,192984,1219
50,independent,5500,1,0,zipf,0,1,mpi_no_master_min_entries,8,60,1805,0,182307,1196
50,independent,5500,1,0,zipf,0,0,mpi_no_master_min_entries,8,100,1834,0,190457,1421
50,independent,5500,1,0,zipf,0,1,mpi_no_master_min_entries,8,100,1568,0,179729,1252
50,independent,5500,1,0,zipf,0,0,mpi_no_master_min_entries,8,200,1900,0,220733,406
50,independent,5500,1,0,zipf,0,1,mpi_no_master_min_entries,8,200,1393,0,174289,1451
50,independent,5500,1,0,zipf,0,0,mpi_no_master_min_entries,8,500,1822,0,204319,1227
50,independent,5500,1,0,zipf,0,1,mpi_no_master_min_entries,8,500,2338,0,184629,1182
50,independent,5500,1,0,zipf,0,0,mpi_no_master_min_entries,8,1000,2497,0,266201,1073
50,independent,5500,1,0,zipf,0,1,mpi_no_master_min_entries,8,1000,1654,0,281360,1079
86,remove,10000,0.666666666666667,1,zipf,0,0,mpi_no_master_min_entries,8,20,2053,0,108674,1078
86,remove,10000,0.666666666666667,1,zipf,0,1,mpi_no_master_min_entries,8,20,1676,0,121550,1080
86,remove,10000,0.666666666666667,1,zipf,0,0,mpi_no_master_min_entries,8,60,2374,0,106373,1021
86,remove,10000,0.666666666666667,1,zipf,0,1,mpi_no_master_min_entries,8,60,1676,0,101883,1106
86,remove,10000,0.666666666666667,1,zipf,0,0,mpi_no_master_min_entries,8,100,2105,0,106103,1579
86,remove,10000,0.666666666666667,1,zipf,0,1,mpi_no_master_min_entries,8,100,1709,0,101556,1084
86,remove,10000,0.666666666666667,1,zipf,0,0,mpi_no_master_min_entries,8,200,2164,0,99526,1174
86,remove,10000,0.666666666666667,1,zipf,0,1,mpi_no_master_min_entries,8,200,1737,0,103461,1221
86,remove,10000,0.666666666666667,1,zipf,0,0,mpi_no_master_min_entries,8,500,1956,0,121231,1060
86,remove,10000,0.666666666666667,1,zipf,0,1,mpi_no_master_min_entries,8,500,2029,0,115875,1151
86,remove,10000,0.666666666666667,1,zipf,0,0,mpi_no_master_min_entries,8,1000,1877,0,189659,469
86,remove,10000,0.666666666666667,1,zipf,0,1,mpi_no_master_min_entries,8,1000,1700,0,217421,565
36,remove,3250,1,1,zipf,0,0,mpi_no_master_min_entries,8,20,1589,0,45353,820
36,remove,3250,1,1,zipf,0,1,mpi_no_master_min_entries,8,20,911,0,41406,783
36,remove,3250,1,1,zipf,0,0,mpi_no_master_min_entries,8,60,1304,0,40274,800
36,remove,3250,1,1,zipf,0,1,mpi_no_master_min_entries,8,60,1156,0,40032,800
36,remove,3250,1,1,zipf,0,0,mpi_no_master_min_entries,8,100,1336,0,42858,996
36,remove,3250,1,1,zipf,0,1,mpi_no_master_min_entries,8,100,1108,0,44245,754
36,remove,3250,1,1,zipf,0,0,mpi_no_master_min_entries,8,200,1521,0,34761,778
36,remove,3250,1,1,zipf,0,1,mpi_no_master_min_entries,8,200,1105,0,34600,800
36,remove,3250,1,1,zipf,0,0,mpi_no_master_min_entries,8,500,1384,0,34104,1607
36,remove,3250,1,1,zipf,0,1,mpi_no_master_min_entries,8,500,898,0,40630,1038
36,remove,3250,1,1,zipf,0,0,mpi_no_master_min_entries,8,1000,1378,0,61714,617
36,remove,3250,1,1,zipf,0,1,mpi_no_master_min_entries,8,1000,1235,0,52924,39835
92,add,10000,1,1,zipf,0,0,mpi_no_master_min_entries,8,20,9892,0,239417,1090
92,add,10000,1,1,zipf,0,1,mpi_no_master_min_entries,8,20,7440,0,251685,848
92,add,10000,1,1,zipf,0,0,mpi_no_master_min_entries,8,60,10785,0,221022,866
92,add,10000,1,1,zipf,0,1,mpi_no_master_min_entries,8,60,2980,0,226288,877
92,add,10000,1,1,zipf,0,0,mpi_no_master_min_entries,8,100,3706,0,236354,929
92,add,10000,1,1,zipf,0,1,mpi_no_master_min_entries,8,100,2774,0,223206,963
92,add,10000,1,1,zipf,0,0,mpi_no_master_min_entries,8,200,8351,0,230801,881
92,add,10000,1,1,zipf,0,1,mpi_no_master_min_entries,8,200,4336,0,231026,891
92,add,10000,1,1,zipf,0,0,mpi_no_master_min_entries,8,500,6194,0,239522,933
92,add,10000,1,1,zipf,0,1,mpi_no_master_min_entries,8,500,8605,0,249928,972
92,add,10000,1,1,zipf,0,0,mpi_no_master_min_entries,8,1000,4467,0,304823,873
92,add,10000,1,1,zipf,0,1,mpi_no_master_min_entries,8,1000,3919,0,287064,1046
54,add,5500,1,1,zipf,0,0,mpi_no_master_min_entries,8,20,2488,0,75082,491
54,add,5500,1,1,zipf,0,1,mpi_no_master_min_entries,8,20,2096,0,84444,693
54,add,5500,1,1,zipf,0,0,mpi_no_master_min_entries,8,60,2549,0,72372,497
54,add,5500,1,1,zipf,0,1,mpi_no_master_min_entries,8,60,2056,0,74489,521
54,add,5500,1,1,zipf,0,0,mpi_no_master_min_entries,8,100,2337,0,77154,474
54,add,5500,1,1,zipf,0,1,mpi_no_master_min_entries,8,100,1843,0,74604,497
54,add,5500,1,1,zipf,0,0,mpi_no_master_min_entries,8,200,2052,0,80867,496
54,add,5500,1,1,zipf,0,1,mpi_no_master_min_entries,8,200,2026,0,86270,476
54,add,5500,1,1,zipf,0,0,mpi_no_master_min_entries,8,500,2240,0,98205,433
54,add,5500,1,1,zipf,0,1,mpi_no_master_min_entries,8,500,1855,0,81786,537
54,add,5500,1,1,zipf,0,0,mpi_no_master_min_entries,8,1000,2396,0,128316,523
54,add,5500,1,1,zipf,0,1,mpi_no_master_min_entries,8,1000,2306,0,127887,499
45,remove,5500,0.666666666666667,0,zipf,0,0,mpi_no_master_min_entries,8,20,1711,0,34300,700
45,remove,5500,0.666666666666667,0,zipf,0,1,mpi_no_master_min_entries,8,20,1361,0,43508,703
45,remove,5500,0.666666666666667,0,zipf,0,0,mpi_no_master_min_entries,8,60,1471,0,48943,689
45,remove,5500,0.666666666666667,0,zipf,0,1,mpi_no_master_min_entries,8,60,1222,0,44121,716
45,remove,5500,0.666666666666667,0,zipf,0,0,mpi_no_master_min_entries,8,100,1879,0,38425,692
45,remove,5500,0.666666666666667,0,zipf,0,1,mpi_no_master_min_entries,8,100,1208,0,35978,691
45,remove,5500,0.666666666666667,0,zipf,0,0,mpi_no_master_min_entries,8,200,1641,0,39155,720
45,remove,5500,0.666666666666667,0,zipf,0,1,mpi_no_master_min_entries,8,200,1247,0,39641,655
45,remove,5500,0.666666666666667,0,zipf,0,0,mpi_no_master_min_entries,8,500,1495,0,58388,265
45,remove,5500,0.666666666666667,0,zipf,0,1,mpi_no_master_min_entries,8,500,1156,0,43642,147
45,remove,5500,0.666666666666667,0,zipf,0,0,mpi_no_master_min_entries,8,1000,1512,0,218329,365
45,remove,5500,0.666666666666667,0,zipf,0,1,mpi_no_master_min_entries,8,1000,1345,0,166423,484
