generation_config_i,input_strategy,input_length_1,input_change_strength,input_chunkiness,input_distribution,regen_i,repetition_i,diff_program,mpi_procs,micros_input,micros_precompute,micros_until_len,micros_edit_script
48,add,3419,0.2,0.0,zipf,0,0,mpi_priority,8,403,0,431,0
48,add,3419,0.2,0.0,zipf,0,1,mpi_priority,8,465,0,325,0
48,add,3419,0.2,0.0,zipf,0,0,sequential,,541,0,6669,510
48,add,3419,0.2,0.0,zipf,0,1,sequential,,690,0,7610,566
142,remove,8362,1.0,0.0,zipf,0,0,mpi_priority,8,804,0,160279,0
142,remove,8362,1.0,0.0,zipf,0,0,sequential,,1125,0,567574,3793
142,remove,8362,1.0,0.0,zipf,0,1,sequential,,471,0,535773,3721
77,add,4089,1.0,0.0,zipf,0,0,mpi_priority,8,1027,0,7065,0
77,add,4089,1.0,0.0,zipf,0,1,mpi_priority,8,1056,0,6823,0
77,add,4089,1.0,0.0,zipf,0,0,sequential,,709,0,167741,2798
77,add,4089,1.0,0.0,zipf,0,1,sequential,,650,0,164891,2704
57,add,3419,0.8,0.0,zipf,0,0,mpi_priority,8,892,0,2447,0
57,add,3419,0.8,0.0,zipf,0,1,mpi_priority,8,816,0,3880,0
57,add,3419,0.8,0.0,zipf,0,0,sequential,,559,0,75015,1330
57,add,3419,0.8,0.0,zipf,0,1,sequential,,455,0,71998,1316
99,add,5848,0.4,0.0,zipf,0,0,mpi_priority,8,1158,0,3097,0
99,add,5848,0.4,0.0,zipf,0,1,mpi_priority,8,1173,0,3130,0
99,add,5848,0.4,0.0,zipf,0,0,sequential,,745,0,53987,1187
99,add,5848,0.4,0.0,zipf,0,1,sequential,,765,0,53372,1114
29,add,2391,1.0,0.0,zipf,0,0,mpi_priority,8,637,0,3366,0
29,add,2391,1.0,0.0,zipf,0,1,mpi_priority,8,604,0,2670,0
29,add,2391,1.0,0.0,zipf,0,0,sequential,,466,0,64437,1123
29,add,2391,1.0,0.0,zipf,0,1,sequential,,387,0,55349,1188
45,add,2859,1.0,0.0,zipf,0,0,mpi_priority,8,752,0,3438,0
45,add,2859,1.0,0.0,zipf,0,1,mpi_priority,8,439,0,3408,0
45,add,2859,1.0,0.0,zipf,0,0,sequential,,3471,0,112853,1369
45,add,2859,1.0,0.0,zipf,0,1,sequential,,445,0,81089,1400
71,remove,4089,0.6000000000000001,0.0,zipf,0,0,mpi_priority,8,516,0,18260,0
71,remove,4089,0.6000000000000001,0.0,zipf,0,1,mpi_priority,8,546,0,18323,0
71,remove,4089,0.6000000000000001,0.0,zipf,0,0,sequential,,348,0,56980,1108
71,remove,4089,0.6000000000000001,0.0,zipf,0,1,sequential,,278,0,46130,1193
27,addremove,2391,0.8,0.0,zipf,0,0,mpi_priority,8,499,0,27187,0
27,addremove,2391,0.8,0.0,zipf,0,1,mpi_priority,8,499,0,17454,0
27,addremove,2391,0.8,0.0,zipf,0,0,sequential,,401,0,65865,1471
27,addremove,2391,0.8,0.0,zipf,0,1,sequential,,291,0,38318,1052
128,add,8362,0.2,0.0,zipf,0,0,mpi_priority,8,1554,0,1907,0
128,add,8362,0.2,0.0,zipf,0,1,mpi_priority,8,935,0,2094,0
128,add,8362,0.2,0.0,zipf,0,0,sequential,,1049,0,27622,818
128,add,8362,0.2,0.0,zipf,0,1,sequential,,904,0,25124,813
109,add,5848,1.0,0.0,zipf,0,0,mpi_priority,8,1463,0,11151,0
109,add,5848,1.0,0.0,zipf,0,1,mpi_priority,8,1423,0,10842,0
109,add,5848,1.0,0.0,zipf,0,0,sequential,,1458,0,353700,2986
109,add,5848,1.0,0.0,zipf,0,1,sequential,,865,0,365442,2876
18,addremove,2391,0.2,0.0,zipf,0,0,mpi_priority,8,433,0,3818,0
18,addremove,2391,0.2,0.0,zipf,0,1,mpi_priority,8,443,0,3797,0
18,addremove,2391,0.2,0.0,zipf,0,0,sequential,,320,0,6515,638
18,addremove,2391,0.2,0.0,zipf,0,1,sequential,,365,0,6556,641
67,add,4089,0.4,0.0,zipf,0,0,mpi_priority,8,513,0,1974,0
67,add,4089,0.4,0.0,zipf,0,1,mpi_priority,8,858,0,1729,0
67,add,4089,0.4,0.0,zipf,0,0,sequential,,535,0,31809,998
67,add,4089,0.4,0.0,zipf,0,1,sequential,,744,0,31539,905
95,addremove,4890,1.0,0.0,zipf,0,0,mpi_priority,8,1579,0,75826,0
95,addremove,4890,1.0,0.0,zipf,0,1,mpi_priority,8,928,0,63455,0
95,addremove,4890,1.0,0.0,zipf,0,0,sequential,,505,0,200640,2514
95,addremove,4890,1.0,0.0,zipf,0,1,sequential,,491,0,214465,2473
89,add,4890,0.8,0.0,zipf,0,0,mpi_priority,8,1163,0,5021,0
89,add,4890,0.8,0.0,zipf,0,1,mpi_priority,8,1144,0,4539,0
89,add,4890,0.8,0.0,zipf,0,0,sequential,,4172,0,216864,1870
89,add,4890,0.8,0.0,zipf,0,1,sequential,,700,0,152709,1904
46,remove,2859,1.0,0.0,zipf,0,0,mpi_priority,8,286,0,19135,0
46,remove,2859,1.0,0.0,zipf,0,1,mpi_priority,8,267,0,31953,0
46,remove,2859,1.0,0.0,zipf,0,0,sequential,,1068,0,115140,1309
46,remove,2859,1.0,0.0,zipf,0,1,sequential,,174,0,61935,1269
131,add,8362,0.4,0.0,zipf,0,0,mpi_priority,8,1663,0,5432,0
131,add,8362,0.4,0.0,zipf,0,1,mpi_priority,8,1657,0,5380,0
131,add,8362,0.4,0.0,zipf,0,0,sequential,,5174,0,128335,1611
131,add,8362,0.4,0.0,zipf,0,1,sequential,,963,0,105004,1586
101,addremove,5848,0.4,0.0,zipf,0,0,mpi_priority,8,1107,0,32458,0
101,addremove,5848,0.4,0.0,zipf,0,1,mpi_priority,8,987,0,33132,0
101,addremove,5848,0.4,0.0,zipf,0,0,sequential,,638,0,105731,1811
101,addremove,5848,0.4,0.0,zipf,0,1,sequential,,670,0,98217,1674
149,addremove,10000,0.4,0.0,zipf,0,0,mpi_priority,8,1074,0,79196,0
149,addremove,10000,0.4,0.0,zipf,0,1,mpi_priority,8,1703,0,157267,0
149,addremove,10000,0.4,0.0,zipf,0,0,sequential,,972,0,265335,2793
149,addremove,10000,0.4,0.0,zipf,0,1,sequential,,980,0,265096,2850
69,addremove,4089,0.4,0.0,zipf,0,0,mpi_priority,8,467,0,17430,0
69,addremove,4089,0.4,0.0,zipf,0,1,mpi_priority,8,708,0,32498,0
69,addremove,4089,0.4,0.0,zipf,0,0,sequential,,441,0,47833,1614
69,addremove,4089,0.4,0.0,zipf,0,1,sequential,,403,0,45652,1171
0,add,2000,0.2,0.0,zipf,0,0,mpi_priority,8,256,0,173,0
0,add,2000,0.2,0.0,zipf,0,1,mpi_priority,8,406,0,162,0
0,add,2000,0.2,0.0,zipf,0,0,sequential,,274,0,1671,221
0,add,2000,0.2,0.0,zipf,0,1,sequential,,267,0,1696,218
85,addremove,4890,0.4,0.0,zipf,0,0,mpi_priority,8,989,0,26654,0
85,addremove,4890,0.4,0.0,zipf,0,1,mpi_priority,8,1012,0,30885,0
85,addremove,4890,0.4,0.0,zipf,0,0,sequential,,494,0,64441,1385
85,addremove,4890,0.4,0.0,zipf,0,1,sequential,,537,0,62996,1363
154,remove,10000,0.8,0.0,zipf,0,0,mpi_priority,8,1076,0,166184,0
154,remove,10000,0.8,0.0,zipf,0,1,mpi_priority,8,1075,0,183634,0
154,remove,10000,0.8,0.0,zipf,0,0,sequential,,606,0,486533,3731
154,remove,10000,0.8,0.0,zipf,0,1,sequential,,572,0,487881,3595
112,add,6993,0.2,0.0,zipf,0,0,mpi_priority,8,1353,0,1594,0
112,add,6993,0.2,0.0,zipf,0,1,mpi_priority,8,1297,0,1522,0
112,add,6993,0.2,0.0,zipf,0,0,sequential,,2661,0,45639,925
112,add,6993,0.2,0.0,zipf,0,1,sequential,,916,0,18435,687
37,addremove,2859,0.4,0.0,zipf,0,0,mpi_priority,8,431,0,9812,0
37,addremove,2859,0.4,0.0,zipf,0,1,mpi_priority,8,535,0,16421,0
37,addremove,2859,0.4,0.0,zipf,0,0,sequential,,339,0,24139,857
37,addremove,2859,0.4,0.0,zipf,0,1,sequential,,316,0,22730,806
104,addremove,5848,0.6000000000000001,0.0,zipf,0,0,mpi_priority,8,991,0,47933,0
104,addremove,5848,0.6000000000000001,0.0,zipf,0,1,mpi_priority,8,1110,0,104085,0
104,addremove,5848,0.6000000000000001,0.0,zipf,0,0,sequential,,597,0,155914,2129
104,addremove,5848,0.6000000000000001,0.0,zipf,0,1,sequential,,604,0,152459,2229
80,add,4890,0.2,0.0,zipf,0,0,mpi_priority,8,890,0,835,0
80,add,4890,0.2,0.0,zipf,0,1,mpi_priority,8,942,0,813,0
80,add,4890,0.2,0.0,zipf,0,0,sequential,,537,0,9212,491
80,add,4890,0.2,0.0,zipf,0,1,sequential,,707,0,9606,608
98,addremove,5848,0.2,0.0,zipf,0,0,mpi_priority,8,593,0,13854,0
98,addremove,5848,0.2,0.0,zipf,0,1,mpi_priority,8,1020,0,24888,0
98,addremove,5848,0.2,0.0,zipf,0,0,sequential,,593,0,33909,998
98,addremove,5848,0.2,0.0,zipf,0,1,sequential,,637,0,33313,975
139,addremove,8362,0.8,0.0,zipf,0,0,mpi_priority,8,1354,0,160491,0
139,addremove,8362,0.8,0.0,zipf,0,1,mpi_priority,8,885,0,145498,0
139,addremove,8362,0.8,0.0,zipf,0,0,sequential,,843,0,446050,3564
139,addremove,8362,0.8,0.0,zipf,0,1,sequential,,832,0,445839,3582
47,addremove,2859,1.0,0.0,zipf,0,0,mpi_priority,8,314,0,22205,0
47,addremove,2859,1.0,0.0,zipf,0,1,mpi_priority,8,485,0,22404,0
47,addremove,2859,1.0,0.0,zipf,0,0,sequential,,1530,0,117254,1418
47,addremove,2859,1.0,0.0,zipf,0,1,sequential,,313,0,65829,1399
23,remove,2391,0.6000000000000001,0.0,zipf,0,0,mpi_priority,8,300,0,7655,0
23,remove,2391,0.6000000000000001,0.0,zipf,0,1,mpi_priority,8,308,0,8468,0
23,remove,2391,0.6000000000000001,0.0,zipf,0,0,sequential,,183,0,17868,671
23,remove,2391,0.6000000000000001,0.0,zipf,0,1,sequential,,189,0,16941,654
137,add,8362,0.8,0.0,zipf,0,0,mpi_priority,8,1230,0,13735,0
137,add,8362,0.8,0.0,zipf,0,1,mpi_priority,8,1921,0,12870,0
137,add,8362,0.8,0.0,zipf,0,0,sequential,,6549,0,517939,3218
137,add,8362,0.8,0.0,zipf,0,1,sequential,,1178,0,455237,3187
66,addremove,4089,0.2,0.0,zipf,0,0,mpi_priority,8,798,0,7720,0
66,addremove,4089,0.2,0.0,zipf,0,1,mpi_priority,8,710,0,8608,0
66,addremove,4089,0.2,0.0,zipf,0,0,sequential,,458,0,16510,700
66,addremove,4089,0.2,0.0,zipf,0,1,sequential,,435,0,15575,667
152,addremove,10000,0.6000000000000001,0.0,zipf,0,0,mpi_priority,8,1687,0,158736,0
152,addremove,10000,0.6000000000000001,0.0,zipf,0,1,mpi_priority,8,1667,0,147427,0
152,addremove,10000,0.6000000000000001,0.0,zipf,0,0,sequential,,972,0,484985,3705
152,addremove,10000,0.6000000000000001,0.0,zipf,0,1,sequential,,1000,0,478648,3700
88,addremove,4890,0.6000000000000001,0.0,zipf,0,0,mpi_priority,8,859,0,36096,0
88,addremove,4890,0.6000000000000001,0.0,zipf,0,1,mpi_priority,8,514,0,36194,0
88,addremove,4890,0.6000000000000001,0.0,zipf,0,0,sequential,,2402,0,174533,1820
88,addremove,4890,0.6000000000000001,0.0,zipf,0,1,sequential,,636,0,119385,1802
65,remove,4089,0.2,0.0,zipf,0,0,mpi_priority,8,616,0,4087,0
65,remove,4089,0.2,0.0,zipf,0,1,mpi_priority,8,461,0,3769,0
65,remove,4089,0.2,0.0,zipf,0,0,sequential,,435,0,6479,669
65,remove,4089,0.2,0.0,zipf,0,1,sequential,,458,0,6428,412
82,addremove,4890,0.2,0.0,zipf,0,0,mpi_priority,8,519,0,22490,0
82,addremove,4890,0.2,0.0,zipf,0,1,mpi_priority,8,1016,0,27034,0
82,addremove,4890,0.2,0.0,zipf,0,0,sequential,,506,0,21314,1092
82,addremove,4890,0.2,0.0,zipf,0,1,sequential,,488,0,21170,1093
41,add,2859,0.8,0.0,zipf,0,0,mpi_priority,8,680,0,3200,0
41,add,2859,0.8,0.0,zipf,0,1,mpi_priority,8,679,0,3489,0
41,add,2859,0.8,0.0,zipf,0,0,sequential,,409,0,51829,1122
41,add,2859,0.8,0.0,zipf,0,1,sequential,,426,0,50904,1599
92,independent,4890,1.0,0.0,zipf,0,0,mpi_priority,8,1024,0,155817,0
92,independent,4890,1.0,0.0,zipf,0,1,mpi_priority,8,828,0,174372,0
92,independent,4890,1.0,0.0,zipf,0,0,sequential,,489,0,516600,3888
92,independent,4890,1.0,0.0,zipf,0,1,sequential,,506,0,514740,3879
103,remove,5848,0.6000000000000001,0.0,zipf,0,0,mpi_priority,8,655,0,88244,0
103,remove,5848,0.6000000000000001,0.0,zipf,0,1,mpi_priority,8,718,0,33883,0
103,remove,5848,0.6000000000000001,0.0,zipf,0,0,sequential,,524,0,96059,1553
103,remove,5848,0.6000000000000001,0.0,zipf,0,1,sequential,,405,0,92829,1629
148,remove,10000,0.4,0.0,zipf,0,0,mpi_priority,8,1789,0,46287,0
148,remove,10000,0.4,0.0,zipf,0,1,mpi_priority,8,1351,0,44390,0
148,remove,10000,0.4,0.0,zipf,0,0,sequential,,842,0,130064,1792
148,remove,10000,0.4,0.0,zipf,0,1,sequential,,804,0,125240,1798
55,remove,3419,0.6000000000000001,0.0,zipf,0,0,mpi_priority,8,420,0,13833,0
55,remove,3419,0.6000000000000001,0.0,zipf,0,1,mpi_priority,8,435,0,19556,0
55,remove,3419,0.6000000000000001,0.0,zipf,0,0,sequential,,279,0,33135,950
55,remove,3419,0.6000000000000001,0.0,zipf,0,1,sequential,,235,0,33105,924
13,add,2000,1.0,0.0,zipf,0,0,mpi_priority,8,318,0,1662,0
13,add,2000,1.0,0.0,zipf,0,1,mpi_priority,8,470,0,2729,0
13,add,2000,1.0,0.0,zipf,0,0,sequential,,376,0,46066,1099
13,add,2000,1.0,0.0,zipf,0,1,sequential,,378,0,39866,1034
31,addremove,2391,1.0,0.0,zipf,0,0,mpi_priority,8,470,0,18522,0
31,addremove,2391,1.0,0.0,zipf,0,1,mpi_priority,8,439,0,16439,0
31,addremove,2391,1.0,0.0,zipf,0,0,sequential,,277,0,51728,1221
31,addremove,2391,1.0,0.0,zipf,0,1,sequential,,265,0,43223,1093
56,addremove,3419,0.6000000000000001,0.0,zipf,0,0,mpi_priority,8,600,0,20580,0
56,addremove,3419,0.6000000000000001,0.0,zipf,0,1,mpi_priority,8,611,0,79139,0
56,addremove,3419,0.6000000000000001,0.0,zipf,0,0,sequential,,347,0,71170,1769
56,addremove,3419,0.6000000000000001,0.0,zipf,0,1,sequential,,349,0,59247,1469
2,addremove,2000,0.2,0.0,zipf,0,0,mpi_priority,8,364,0,10364,0
2,addremove,2000,0.2,0.0,zipf,0,1,mpi_priority,8,348,0,4192,0
2,addremove,2000,0.2,0.0,zipf,0,0,sequential,,212,0,3918,329
2,addremove,2000,0.2,0.0,zipf,0,1,sequential,,232,0,3737,328
51,add,3419,0.4,0.0,zipf,0,0,mpi_priority,8,692,0,1325,0
51,add,3419,0.4,0.0,zipf,0,1,mpi_priority,8,1059,0,1904,0
51,add,3419,0.4,0.0,zipf,0,0,sequential,,416,0,17360,671
51,add,3419,0.4,0.0,zipf,0,1,sequential,,438,0,19295,675
40,addremove,2859,0.6000000000000001,0.0,zipf,0,0,mpi_priority,8,504,0,27513,0
40,addremove,2859,0.6000000000000001,0.0,zipf,0,1,mpi_priority,8,361,0,19749,0
40,addremove,2859,0.6000000000000001,0.0,zipf,0,0,sequential,,376,0,56461,1530
40,addremove,2859,0.6000000000000001,0.0,zipf,0,1,sequential,,418,0,47280,1074
79,addremove,4089,1.0,0.0,zipf,0,0,mpi_priority,8,712,0,44225,0
79,addremove,4089,1.0,0.0,zipf,0,1,mpi_priority,8,786,0,48781,0
79,addremove,4089,1.0,0.0,zipf,0,0,sequential,,481,0,141426,2709
79,addremove,4089,1.0,0.0,zipf,0,1,sequential,,427,0,136241,2817
75,addremove,4089,0.8,0.0,zipf,0,0,mpi_priority,8,679,0,72841,0
75,addremove,4089,0.8,0.0,zipf,0,1,mpi_priority,8,695,0,35041,0
75,addremove,4089,0.8,0.0,zipf,0,0,sequential,,521,0,119433,2330
75,addremove,4089,0.8,0.0,zipf,0,1,sequential,,554,0,106062,1777
130,addremove,8362,0.2,0.0,zipf,0,0,mpi_priority,8,1481,0,28534,0
130,addremove,8362,0.2,0.0,zipf,0,1,mpi_priority,8,1426,0,23673,0
130,addremove,8362,0.2,0.0,zipf,0,0,sequential,,968,0,73607,1279
130,addremove,8362,0.2,0.0,zipf,0,1,sequential,,853,0,64071,1862
19,add,2391,0.4,0.0,zipf,0,0,mpi_priority,8,513,0,836,0
19,add,2391,0.4,0.0,zipf,0,1,mpi_priority,8,493,0,828,0
19,add,2391,0.4,0.0,zipf,0,0,sequential,,342,0,10176,776
19,add,2391,0.4,0.0,zipf,0,1,sequential,,344,0,9836,533
123,addremove,6993,0.8,0.0,zipf,0,0,mpi_priority,8,1166,0,95246,0
123,addremove,6993,0.8,0.0,zipf,0,1,mpi_priority,8,759,0,93372,0
123,addremove,6993,0.8,0.0,zipf,0,0,sequential,,790,0,319212,3010
123,addremove,6993,0.8,0.0,zipf,0,1,sequential,,708,0,311548,2987
36,remove,2859,0.4,0.0,zipf,0,0,mpi_priority,8,249,0,4717,0
36,remove,2859,0.4,0.0,zipf,0,1,mpi_priority,8,394,0,5158,0
36,remove,2859,0.4,0.0,zipf,0,0,sequential,,263,0,11824,557
36,remove,2859,0.4,0.0,zipf,0,1,sequential,,263,0,11632,505
4,remove,2000,0.4,0.0,zipf,0,0,mpi_priority,8,309,0,2400,0
4,remove,2000,0.4,0.0,zipf,0,1,mpi_priority,8,361,0,2400,0
4,remove,2000,0.4,0.0,zipf,0,0,sequential,,258,0,6841,525
4,remove,2000,0.4,0.0,zipf,0,1,sequential,,261,0,7018,476
102,add,5848,0.6000000000000001,0.0,zipf,0,0,mpi_priority,8,1573,0,6961,0
102,add,5848,0.6000000000000001,0.0,zipf,0,1,mpi_priority,8,1285,0,5632,0
102,add,5848,0.6000000000000001,0.0,zipf,0,0,sequential,,981,0,127560,1688
102,add,5848,0.6000000000000001,0.0,zipf,0,1,sequential,,726,0,119187,1684
117,addremove,6993,0.4,0.0,zipf,0,0,mpi_priority,8,1215,0,48002,0
117,addremove,6993,0.4,0.0,zipf,0,1,mpi_priority,8,1162,0,41657,0
117,addremove,6993,0.4,0.0,zipf,0,0,sequential,,883,0,147490,1933
117,addremove,6993,0.4,0.0,zipf,0,1,sequential,,697,0,129530,1954
126,remove,6993,1.0,0.0,zipf,0,0,mpi_priority,8,374,0,125253,0
126,remove,6993,1.0,0.0,zipf,0,0,sequential,,2106,0,399153,3169
126,remove,6993,1.0,0.0,zipf,0,1,sequential,,373,0,372206,3245
140,independent,8362,1.0,0.0,zipf,0,0,mpi_priority,8,1412,0,489711,0
140,independent,8362,1.0,0.0,zipf,0,1,mpi_priority,8,1419,0,498413,0
140,independent,8362,1.0,0.0,zipf,0,0,sequential,,877,0,1607814,6918
140,independent,8362,1.0,0.0,zipf,0,1,sequential,,828,0,1864646,7258
59,addremove,3419,0.8,0.0,zipf,0,0,mpi_priority,8,584,0,75182,0
59,addremove,3419,0.8,0.0,zipf,0,1,mpi_priority,8,368,0,67942,0
59,addremove,3419,0.8,0.0,zipf,0,0,sequential,,362,0,76703,1466
59,addremove,3419,0.8,0.0,zipf,0,1,sequential,,552,0,75903,1475
15,addremove,2000,1.0,0.0,zipf,0,0,mpi_priority,8,364,0,124429,0
15,addremove,2000,1.0,0.0,zipf,0,1,mpi_priority,8,350,0,32742,0
15,addremove,2000,1.0,0.0,zipf,0,0,sequential,,208,0,33313,940
15,addremove,2000,1.0,0.0,zipf,0,1,sequential,,308,0,32974,968
158,remove,10000,1.0,0.0,zipf,0,1,mpi_priority,8,593,0,228937,0
158,remove,10000,1.0,0.0,zipf,0,0,sequential,,558,0,746949,4572
158,remove,10000,1.0,0.0,zipf,0,1,sequential,,522,0,740518,4464
60,independent,3419,1.0,0.0,zipf,0,0,mpi_priority,8,593,0,79147,0
60,independent,3419,1.0,0.0,zipf,0,1,mpi_priority,8,601,0,88959,0
60,independent,3419,1.0,0.0,zipf,0,0,sequential,,354,0,240135,3676
60,independent,3419,1.0,0.0,zipf,0,1,sequential,,327,0,239592,3625
8,addremove,2000,0.6000000000000001,0.0,zipf,0,0,mpi_priority,8,362,0,8688,0
8,addremove,2000,0.6000000000000001,0.0,zipf,0,1,mpi_priority,8,361,0,9345,0
8,addremove,2000,0.6000000000000001,0.0,zipf,0,0,sequential,,252,0,20741,718
8,addremove,2000,0.6000000000000001,0.0,zipf,0,1,sequential,,250,0,18464,731
35,add,2859,0.4,0.0,zipf,0,0,mpi_priority,8,581,0,1011,0
35,add,2859,0.4,0.0,zipf,0,1,mpi_priority,8,590,0,1100,0
35,add,2859,0.4,0.0,zipf,0,0,sequential,,432,0,14716,654
35,add,2859,0.4,0.0,zipf,0,1,sequential,,533,0,13318,554
86,add,4890,0.6000000000000001,0.0,zipf,0,0,mpi_priority,8,1066,0,4631,0
86,add,4890,0.6000000000000001,0.0,zipf,0,1,mpi_priority,8,1063,0,3603,0
86,add,4890,0.6000000000000001,0.0,zipf,0,0,sequential,,730,0,90470,1452
86,add,4890,0.6000000000000001,0.0,zipf,0,1,sequential,,594,0,81590,1444
5,addremove,2000,0.4,0.0,zipf,0,0,mpi_priority,8,281,0,21438,0
5,addremove,2000,0.4,0.0,zipf,0,1,mpi_priority,8,348,0,5715,0
5,addremove,2000,0.4,0.0,zipf,0,0,sequential,,234,0,10983,568
5,addremove,2000,0.4,0.0,zipf,0,1,sequential,,231,0,11079,545
111,addremove,5848,1.0,0.0,zipf,0,0,mpi_priority,8,1022,0,80578,0
111,addremove,5848,1.0,0.0,zipf,0,1,mpi_priority,8,1061,0,103074,0
111,addremove,5848,1.0,0.0,zipf,0,0,sequential,,592,0,266801,2839
111,addremove,5848,1.0,0.0,zipf,0,1,sequential,,577,0,264670,2760
100,remove,5848,0.4,0.0,zipf,0,0,mpi_priority,8,486,0,18613,0
100,remove,5848,0.4,0.0,zipf,0,1,mpi_priority,8,777,0,18918,0
100,remove,5848,0.4,0.0,zipf,0,0,sequential,,470,0,47016,1116
100,remove,5848,0.4,0.0,zipf,0,1,sequential,,482,0,45750,1107
147,add,10000,0.4,0.0,zipf,0,0,mpi_priority,8,1232,0,7039,0
147,add,10000,0.4,0.0,zipf,0,1,mpi_priority,8,1202,0,6928,0
147,add,10000,0.4,0.0,zipf,0,0,sequential,,1506,0,161447,1935
147,add,10000,0.4,0.0,zipf,0,1,sequential,,1106,0,151891,1939
134,add,8362,0.6000000000000001,0.0,zipf,0,0,mpi_priority,8,1904,0,9759,0
134,add,8362,0.6000000000000001,0.0,zipf,0,1,mpi_priority,8,1807,0,6703,0
134,add,8362,0.6000000000000001,0.0,zipf,0,0,sequential,,1262,0,247039,2403
134,add,8362,0.6000000000000001,0.0,zipf,0,1,sequential,,1077,0,243814,2385
153,add,10000,0.8,0.0,zipf,0,0,mpi_priority,8,2551,0,16357,0
153,add,10000,0.8,0.0,zipf,0,1,mpi_priority,8,2326,0,16959,0
153,add,10000,0.8,0.0,zipf,0,0,sequential,,1500,0,642647,4123
153,add,10000,0.8,0.0,zipf,0,1,sequential,,1416,0,640426,3791
30,remove,2391,1.0,0.0,zipf,0,0,mpi_priority,8,230,0,15590,0
30,remove,2391,1.0,0.0,zipf,0,1,mpi_priority,8,233,0,15721,0
30,remove,2391,1.0,0.0,zipf,0,0,sequential,,140,0,43705,1078
30,remove,2391,1.0,0.0,zipf,0,1,sequential,,150,0,43415,1449
114,addremove,6993,0.2,0.0,zipf,0,0,mpi_priority,8,1166,0,47049,0
114,addremove,6993,0.2,0.0,zipf,0,1,mpi_priority,8,1309,0,21826,0
114,addremove,6993,0.2,0.0,zipf,0,0,sequential,,1254,0,78730,1178
114,addremove,6993,0.2,0.0,zipf,0,1,sequential,,670,0,45924,1170
38,add,2859,0.6000000000000001,0.0,zipf,0,0,mpi_priority,8,633,0,2080,0
38,add,2859,0.6000000000000001,0.0,zipf,0,1,mpi_priority,8,645,0,2228,0
38,add,2859,0.6000000000000001,0.0,zipf,0,0,sequential,,449,0,31164,1114
38,add,2859,0.6000000000000001,0.0,zipf,0,1,sequential,,387,0,27373,844
32,add,2859,0.2,0.0,zipf,0,0,mpi_priority,8,538,0,338,0
32,add,2859,0.2,0.0,zipf,0,1,mpi_priority,8,552,0,310,0
32,add,2859,0.2,0.0,zipf,0,0,sequential,,319,0,2946,389
32,add,2859,0.2,0.0,zipf,0,1,sequential,,319,0,2882,381
115,add,6993,0.4,0.0,zipf,0,0,mpi_priority,8,1462,0,4669,0
115,add,6993,0.4,0.0,zipf,0,1,mpi_priority,8,2011,0,5026,0
115,add,6993,0.4,0.0,zipf,0,0,sequential,,1521,0,108059,1371
115,add,6993,0.4,0.0,zipf,0,1,sequential,,788,0,72967,1351
20,remove,2391,0.4,0.0,zipf,0,0,mpi_priority,8,351,0,3359,0
20,remove,2391,0.4,0.0,zipf,0,1,mpi_priority,8,349,0,3508,0
20,remove,2391,0.4,0.0,zipf,0,0,sequential,,954,0,26464,891
20,remove,2391,0.4,0.0,zipf,0,1,sequential,,376,0,10263,531
143,addremove,8362,1.0,0.0,zipf,0,0,mpi_priority,8,895,0,170909,0
143,addremove,8362,1.0,0.0,zipf,0,1,mpi_priority,8,870,0,174836,0
143,addremove,8362,1.0,0.0,zipf,0,0,sequential,,898,0,576021,4042
143,addremove,8362,1.0,0.0,zipf,0,1,sequential,,796,0,568514,4144
34,addremove,2859,0.2,0.0,zipf,0,0,mpi_priority,8,329,0,4666,0
34,addremove,2859,0.2,0.0,zipf,0,1,mpi_priority,8,307,0,4491,0
34,addremove,2859,0.2,0.0,zipf,0,0,sequential,,1072,0,20587,754
34,addremove,2859,0.2,0.0,zipf,0,1,sequential,,431,0,9801,500
108,independent,5848,1.0,0.0,zipf,0,0,mpi_priority,8,989,0,216189,0
108,independent,5848,1.0,0.0,zipf,0,1,mpi_priority,8,995,0,241994,0
108,independent,5848,1.0,0.0,zipf,0,0,sequential,,587,0,730621,4642
108,independent,5848,1.0,0.0,zipf,0,1,sequential,,592,0,725615,4645
106,remove,5848,0.8,0.0,zipf,0,0,mpi_priority,8,635,0,60419,0
106,remove,5848,0.8,0.0,zipf,0,1,mpi_priority,8,607,0,61602,0
106,remove,5848,0.8,0.0,zipf,0,0,sequential,,389,0,169344,2110
106,remove,5848,0.8,0.0,zipf,0,1,sequential,,345,0,164042,2105
83,add,4890,0.4,0.0,zipf,0,0,mpi_priority,8,1091,0,2603,0
83,add,4890,0.4,0.0,zipf,0,1,mpi_priority,8,924,0,2594,0
83,add,4890,0.4,0.0,zipf,0,0,sequential,,780,0,40905,949
83,add,4890,0.4,0.0,zipf,0,1,sequential,,591,0,34969,985
39,remove,2859,0.6000000000000001,0.0,zipf,0,0,mpi_priority,8,364,0,9538,0
39,remove,2859,0.6000000000000001,0.0,zipf,0,1,mpi_priority,8,374,0,19344,0
39,remove,2859,0.6000000000000001,0.0,zipf,0,0,sequential,,241,0,25963,876
39,remove,2859,0.6000000000000001,0.0,zipf,0,1,sequential,,262,0,26171,892
7,remove,2000,0.6000000000000001,0.0,zipf,0,0,mpi_priority,8,170,0,5415,0
7,remove,2000,0.6000000000000001,0.0,zipf,0,1,mpi_priority,8,304,0,11157,0
7,remove,2000,0.6000000000000001,0.0,zipf,0,0,sequential,,245,0,19784,942
7,remove,2000,0.6000000000000001,0.0,zipf,0,1,sequential,,278,0,21570,951
50,addremove,3419,0.2,0.0,zipf,0,0,mpi_priority,8,592,0,5950,0
50,addremove,3419,0.2,0.0,zipf,0,1,mpi_priority,8,704,0,7268,0
50,addremove,3419,0.2,0.0,zipf,0,0,sequential,,490,0,15870,766
50,addremove,3419,0.2,0.0,zipf,0,1,sequential,,491,0,15578,770
12,independent,2000,1.0,0.0,zipf,0,0,mpi_priority,8,359,0,28994,0
12,independent,2000,1.0,0.0,zipf,0,1,mpi_priority,8,279,0,35914,0
12,independent,2000,1.0,0.0,zipf,0,0,sequential,,229,0,93881,1562
12,independent,2000,1.0,0.0,zipf,0,1,sequential,,198,0,81999,1562
3,add,2000,0.4,0.0,zipf,0,0,mpi_priority,8,425,0,604,0
3,add,2000,0.4,0.0,zipf,0,1,mpi_priority,8,269,0,609,0
3,add,2000,0.4,0.0,zipf,0,0,sequential,,269,0,6236,397
3,add,2000,0.4,0.0,zipf,0,1,sequential,,265,0,6416,405
119,remove,6993,0.6000000000000001,0.0,zipf,0,0,mpi_priority,8,847,0,50420,0
119,remove,6993,0.6000000000000001,0.0,zipf,0,1,mpi_priority,8,634,0,58580,0
119,remove,6993,0.6000000000000001,0.0,zipf,0,0,sequential,,589,0,147984,1889
119,remove,6993,0.6000000000000001,0.0,zipf,0,1,sequential,,463,0,134306,1885
125,add,6993,1.0,0.0,zipf,0,0,mpi_priority,8,1742,0,14356,0
125,add,6993,1.0,0.0,zipf,0,1,mpi_priority,8,1088,0,14114,0
125,add,6993,1.0,0.0,zipf,0,0,sequential,,1150,0,494623,3383
125,add,6993,1.0,0.0,zipf,0,1,sequential,,1105,0,498702,3333
26,remove,2391,0.8,0.0,zipf,0,0,mpi_priority,8,282,0,12389,0
26,remove,2391,0.8,0.0,zipf,0,1,mpi_priority,8,293,0,12097,0
26,remove,2391,0.8,0.0,zipf,0,0,sequential,,181,0,30847,848
26,remove,2391,0.8,0.0,zipf,0,1,sequential,,156,0,28022,865
72,addremove,4089,0.6000000000000001,0.0,zipf,0,0,mpi_priority,8,682,0,26697,0
72,addremove,4089,0.6000000000000001,0.0,zipf,0,1,mpi_priority,8,482,0,29023,0
72,addremove,4089,0.6000000000000001,0.0,zipf,0,0,sequential,,462,0,90970,1495
72,addremove,4089,0.6000000000000001,0.0,zipf,0,1,sequential,,386,0,74588,1479
70,add,4089,0.6000000000000001,0.0,zipf,0,0,mpi_priority,8,900,0,2927,0
70,add,4089,0.6000000000000001,0.0,zipf,0,1,mpi_priority,8,547,0,3626,0
70,add,4089,0.6000000000000001,0.0,zipf,0,0,sequential,,630,0,61425,1198
70,add,4089,0.6000000000000001,0.0,zipf,0,1,sequential,,535,0,57218,1190
132,remove,8362,0.4,0.0,zipf,0,0,mpi_priority,8,1119,0,39809,0
132,remove,8362,0.4,0.0,zipf,0,1,mpi_priority,8,1112,0,33724,0
132,remove,8362,0.4,0.0,zipf,0,0,sequential,,853,0,104184,1527
132,remove,8362,0.4,0.0,zipf,0,1,sequential,,666,0,87887,1512
116,remove,6993,0.4,0.0,zipf,0,0,mpi_priority,8,1005,0,24420,0
116,remove,6993,0.4,0.0,zipf,0,1,mpi_priority,8,1289,0,24461,0
116,remove,6993,0.4,0.0,zipf,0,0,sequential,,700,0,69212,1307
116,remove,6993,0.4,0.0,zipf,0,1,sequential,,572,0,62855,1305
151,remove,10000,0.6000000000000001,0.0,zipf,0,0,mpi_priority,8,763,0,97438,0
151,remove,10000,0.6000000000000001,0.0,zipf,0,1,mpi_priority,8,1177,0,96388,0
151,remove,10000,0.6000000000000001,0.0,zipf,0,0,sequential,,769,0,280486,2685
151,remove,10000,0.6000000000000001,0.0,zipf,0,1,sequential,,699,0,273665,2671
127,addremove,6993,1.0,0.0,zipf,0,0,mpi_priority,8,735,0,114721,0
127,addremove,6993,1.0,0.0,zipf,0,1,mpi_priority,8,1163,0,125198,0
127,addremove,6993,1.0,0.0,zipf,0,0,sequential,,701,0,393245,3348
127,addremove,6993,1.0,0.0,zipf,0,1,sequential,,669,0,395796,3364
68,remove,4089,0.4,0.0,zipf,0,0,mpi_priority,8,450,0,9981,0
68,remove,4089,0.4,0.0,zipf,0,1,mpi_priority,8,562,0,17199,0
68,remove,4089,0.4,0.0,zipf,0,0,sequential,,347,0,23499,760
68,remove,4089,0.4,0.0,zipf,0,1,sequential,,311,0,22429,776
53,addremove,3419,0.4,0.0,zipf,0,0,mpi_priority,8,594,0,13205,0
53,addremove,3419,0.4,0.0,zipf,0,1,mpi_priority,8,640,0,24488,0
53,addremove,3419,0.4,0.0,zipf,0,0,sequential,,457,0,48273,1503
53,addremove,3419,0.4,0.0,zipf,0,1,sequential,,472,0,33158,952
43,addremove,2859,0.8,0.0,zipf,0,0,mpi_priority,8,499,0,19695,0
43,addremove,2859,0.8,0.0,zipf,0,1,mpi_priority,8,508,0,20121,0
43,addremove,2859,0.8,0.0,zipf,0,0,sequential,,391,0,63209,1232
43,addremove,2859,0.8,0.0,zipf,0,1,sequential,,342,0,51062,1232
124,independent,6993,1.0,0.0,zipf,0,0,mpi_priority,8,1196,0,347890,0
124,independent,6993,1.0,0.0,zipf,0,1,mpi_priority,8,1194,0,336702,0
124,independent,6993,1.0,0.0,zipf,0,0,sequential,,699,0,1040031,5579
124,independent,6993,1.0,0.0,zipf,0,1,sequential,,667,0,1037460,5542
94,remove,4890,1.0,0.0,zipf,0,0,mpi_priority,8,426,0,57416,0
94,remove,4890,1.0,0.0,zipf,0,0,sequential,,250,0,178170,2222
94,remove,4890,1.0,0.0,zipf,0,1,sequential,,260,0,177458,2195
156,independent,10000,1.0,0.0,zipf,0,0,mpi_priority,8,1699,0,691821,0
156,independent,10000,1.0,0.0,zipf,0,1,mpi_priority,8,1682,0,722200,0
156,independent,10000,1.0,0.0,zipf,0,0,sequential,,986,0,2162302,8114
156,independent,10000,1.0,0.0,zipf,0,1,sequential,,992,0,2159602,8099
11,addremove,2000,0.8,0.0,zipf,0,0,mpi_priority,8,367,0,10454,0
11,addremove,2000,0.8,0.0,zipf,0,1,mpi_priority,8,351,0,10337,0
11,addremove,2000,0.8,0.0,zipf,0,0,sequential,,214,0,23704,848
11,addremove,2000,0.8,0.0,zipf,0,1,sequential,,200,0,22639,814
110,remove,5848,1.0,0.0,zipf,0,0,mpi_priority,8,544,0,79838,0
110,remove,5848,1.0,0.0,zipf,0,0,sequential,,343,0,253529,2640
110,remove,5848,1.0,0.0,zipf,0,1,sequential,,322,0,254370,2636
14,remove,2000,1.0,0.0,zipf,0,0,mpi_priority,8,193,0,11450,0
14,remove,2000,1.0,0.0,zipf,0,1,mpi_priority,8,196,0,11310,0
14,remove,2000,1.0,0.0,zipf,0,0,sequential,,128,0,32667,901
14,remove,2000,1.0,0.0,zipf,0,1,sequential,,112,0,30109,898
155,addremove,10000,0.8,0.0,zipf,0,0,mpi_priority,8,1068,0,202138,0
155,addremove,10000,0.8,0.0,zipf,0,1,mpi_priority,8,1686,0,207937,0
155,addremove,10000,0.8,0.0,zipf,0,0,sequential,,979,0,647571,4291
155,addremove,10000,0.8,0.0,zipf,0,1,sequential,,972,0,647889,4259
138,remove,8362,0.8,0.0,zipf,0,0,mpi_priority,8,867,0,119616,0
138,remove,8362,0.8,0.0,zipf,0,1,mpi_priority,8,925,0,163199,0
138,remove,8362,0.8,0.0,zipf,0,0,sequential,,515,0,337448,4138
138,remove,8362,0.8,0.0,zipf,0,1,sequential,,488,0,337078,4089
21,addremove,2391,0.4,0.0,zipf,0,0,mpi_priority,8,414,0,7547,0
21,addremove,2391,0.4,0.0,zipf,0,1,mpi_priority,8,427,0,6998,0
21,addremove,2391,0.4,0.0,zipf,0,0,sequential,,275,0,16269,951
21,addremove,2391,0.4,0.0,zipf,0,1,sequential,,249,0,14438,675
74,remove,4089,0.8,0.0,zipf,0,0,mpi_priority,8,437,0,31026,0
74,remove,4089,0.8,0.0,zipf,0,1,mpi_priority,8,444,0,31067,0
74,remove,4089,0.8,0.0,zipf,0,0,sequential,,284,0,88701,2005
74,remove,4089,0.8,0.0,zipf,0,1,sequential,,245,0,79207,1454
42,remove,2859,0.8,0.0,zipf,0,0,mpi_priority,8,322,0,23441,0
42,remove,2859,0.8,0.0,zipf,0,1,mpi_priority,8,334,0,26650,0
42,remove,2859,0.8,0.0,zipf,0,0,sequential,,324,0,56579,1131
42,remove,2859,0.8,0.0,zipf,0,1,sequential,,188,0,40157,1349
61,add,3419,1.0,0.0,zipf,0,0,mpi_priority,8,876,0,4309,0
61,add,3419,1.0,0.0,zipf,0,1,mpi_priority,8,865,0,5437,0
61,add,3419,1.0,0.0,zipf,0,0,sequential,,712,0,123766,2289
61,add,3419,1.0,0.0,zipf,0,1,sequential,,480,0,113372,2309
64,add,4089,0.2,0.0,zipf,0,0,mpi_priority,8,848,0,512,0
64,add,4089,0.2,0.0,zipf,0,1,mpi_priority,8,763,0,531,0
64,add,4089,0.2,0.0,zipf,0,0,sequential,,595,0,7680,698
64,add,4089,0.2,0.0,zipf,0,1,sequential,,581,0,8038,486
150,add,10000,0.6000000000000001,0.0,zipf,0,0,mpi_priority,8,2159,0,8151,0
150,add,10000,0.6000000000000001,0.0,zipf,0,1,mpi_priority,8,2133,0,8237,0
150,add,10000,0.6000000000000001,0.0,zipf,0,0,sequential,,1390,0,354197,2847
150,add,10000,0.6000000000000001,0.0,zipf,0,1,sequential,,1194,0,350556,4174
113,remove,6993,0.2,0.0,zipf,0,0,mpi_priority,8,1066,0,7320,0
113,remove,6993,0.2,0.0,zipf,0,1,mpi_priority,8,1048,0,7143,0
113,remove,6993,0.2,0.0,zipf,0,0,sequential,,728,0,18794,736
113,remove,6993,0.2,0.0,zipf,0,1,sequential,,656,0,16642,657
1,remove,2000,0.2,0.0,zipf,0,0,mpi_priority,8,319,0,662,0
1,remove,2000,0.2,0.0,zipf,0,1,mpi_priority,8,320,0,588,0
1,remove,2000,0.2,0.0,zipf,0,0,sequential,,223,0,1508,203
1,remove,2000,0.2,0.0,zipf,0,1,sequential,,220,0,1530,206
81,remove,4890,0.2,0.0,zipf,0,0,mpi_priority,8,462,0,4022,0
81,remove,4890,0.2,0.0,zipf,0,1,mpi_priority,8,758,0,3735,0
81,remove,4890,0.2,0.0,zipf,0,0,sequential,,474,0,8637,472
81,remove,4890,0.2,0.0,zipf,0,1,sequential,,500,0,8798,482
93,add,4890,1.0,0.0,zipf,0,0,mpi_priority,8,1268,0,8638,0
93,add,4890,1.0,0.0,zipf,0,1,mpi_priority,8,888,0,10436,0
93,add,4890,1.0,0.0,zipf,0,0,sequential,,856,0,240029,2370
93,add,4890,1.0,0.0,zipf,0,1,sequential,,717,0,234621,2369
87,remove,4890,0.6000000000000001,0.0,zipf,0,0,mpi_priority,8,608,0,24933,0
87,remove,4890,0.6000000000000001,0.0,zipf,0,1,mpi_priority,8,614,0,38338,0
87,remove,4890,0.6000000000000001,0.0,zipf,0,0,sequential,,418,0,67071,1319
87,remove,4890,0.6000000000000001,0.0,zipf,0,1,sequential,,335,0,62396,1292
122,remove,6993,0.8,0.0,zipf,0,0,mpi_priority,8,724,0,86081,0
122,remove,6993,0.8,0.0,zipf,0,1,mpi_priority,8,705,0,85022,0
122,remove,6993,0.8,0.0,zipf,0,0,sequential,,435,0,241067,2529
122,remove,6993,0.8,0.0,zipf,0,1,sequential,,416,0,236728,2535
44,independent,2859,1.0,0.0,zipf,0,0,mpi_priority,8,503,0,55794,0
44,independent,2859,1.0,0.0,zipf,0,1,mpi_priority,8,507,0,53027,0
44,independent,2859,1.0,0.0,zipf,0,0,sequential,,324,0,173800,2253
44,independent,2859,1.0,0.0,zipf,0,1,sequential,,307,0,166848,2279
90,remove,4890,0.8,0.0,zipf,0,0,mpi_priority,8,549,0,43702,0
90,remove,4890,0.8,0.0,zipf,0,1,mpi_priority,8,524,0,65371,0
90,remove,4890,0.8,0.0,zipf,0,0,sequential,,305,0,115800,1752
90,remove,4890,0.8,0.0,zipf,0,1,sequential,,292,0,114569,1761
120,addremove,6993,0.6000000000000001,0.0,zipf,0,0,mpi_priority,8,1159,0,69693,0
120,addremove,6993,0.6000000000000001,0.0,zipf,0,1,mpi_priority,8,1433,0,71740,0
120,addremove,6993,0.6000000000000001,0.0,zipf,0,0,sequential,,719,0,225298,2605
120,addremove,6993,0.6000000000000001,0.0,zipf,0,1,sequential,,713,0,224252,2601
107,addremove,5848,0.8,0.0,zipf,0,0,mpi_priority,8,1007,0,66157,0
107,addremove,5848,0.8,0.0,zipf,0,1,mpi_priority,8,992,0,81453,0
107,addremove,5848,0.8,0.0,zipf,0,0,sequential,,609,0,212413,2483
107,addremove,5848,0.8,0.0,zipf,0,1,sequential,,567,0,209509,2477
84,remove,4890,0.4,0.0,zipf,0,0,mpi_priority,8,662,0,12924,0
84,remove,4890,0.4,0.0,zipf,0,1,mpi_priority,8,681,0,13101,0
84,remove,4890,0.4,0.0,zipf,0,0,sequential,,1250,0,42241,907
84,remove,4890,0.4,0.0,zipf,0,1,sequential,,374,0,30066,874
49,remove,3419,0.2,0.0,zipf,0,0,mpi_priority,8,541,0,21225,0
49,remove,3419,0.2,0.0,zipf,0,1,mpi_priority,8,533,0,1875,0
49,remove,3419,0.2,0.0,zipf,0,0,sequential,,405,0,4556,407
49,remove,3419,0.2,0.0,zipf,0,1,sequential,,447,0,5022,406
22,add,2391,0.6000000000000001,0.0,zipf,0,0,mpi_priority,8,757,0,2330,0
22,add,2391,0.6000000000000001,0.0,zipf,0,1,mpi_priority,8,1362,0,3260,0
22,add,2391,0.6000000000000001,0.0,zipf,0,0,sequential,,1128,0,57427,1151
22,add,2391,0.6000000000000001,0.0,zipf,0,1,sequential,,417,0,20809,703
118,add,6993,0.6000000000000001,0.0,zipf,0,0,mpi_priority,8,1505,0,6850,0
118,add,6993,0.6000000000000001,0.0,zipf,0,1,mpi_priority,8,1091,0,8093,0
118,add,6993,0.6000000000000001,0.0,zipf,0,0,sequential,,1329,0,184140,2003
118,add,6993,0.6000000000000001,0.0,zipf,0,1,sequential,,852,0,169455,2806
33,remove,2859,0.2,0.0,zipf,0,0,mpi_priority,8,458,0,1389,0
33,remove,2859,0.2,0.0,zipf,0,1,mpi_priority,8,452,0,10762,0
33,remove,2859,0.2,0.0,zipf,0,0,sequential,,293,0,2642,266
33,remove,2859,0.2,0.0,zipf,0,1,sequential,,265,0,2682,355
121,add,6993,0.8,0.0,zipf,0,0,mpi_priority,8,1617,0,7602,0
121,add,6993,0.8,0.0,zipf,0,1,mpi_priority,8,1618,0,10295,0
121,add,6993,0.8,0.0,zipf,0,0,sequential,,965,0,309972,2662
121,add,6993,0.8,0.0,zipf,0,1,sequential,,933,0,308485,3751
17,remove,2391,0.2,0.0,zipf,0,0,mpi_priority,8,393,0,799,0
17,remove,2391,0.2,0.0,zipf,0,1,mpi_priority,8,390,0,1724,0
17,remove,2391,0.2,0.0,zipf,0,0,sequential,,293,0,1988,361
17,remove,2391,0.2,0.0,zipf,0,1,sequential,,262,0,2014,333
76,independent,4089,1.0,0.0,zipf,0,0,mpi_priority,8,694,0,112082,0
76,independent,4089,1.0,0.0,zipf,0,1,mpi_priority,8,429,0,127232,0
76,independent,4089,1.0,0.0,zipf,0,0,sequential,,416,0,352717,3271
76,independent,4089,1.0,0.0,zipf,0,1,sequential,,391,0,351224,3293
129,remove,8362,0.2,0.0,zipf,0,0,mpi_priority,8,1269,0,13762,0
129,remove,8362,0.2,0.0,zipf,0,1,mpi_priority,8,1261,0,9667,0
129,remove,8362,0.2,0.0,zipf,0,0,sequential,,738,0,21423,783
129,remove,8362,0.2,0.0,zipf,0,1,sequential,,760,0,21140,785
133,addremove,8362,0.4,0.0,zipf,0,0,mpi_priority,8,1403,0,59559,0
133,addremove,8362,0.4,0.0,zipf,0,1,mpi_priority,8,1386,0,59761,0
133,addremove,8362,0.4,0.0,zipf,0,0,sequential,,983,0,197262,2351
133,addremove,8362,0.4,0.0,zipf,0,1,sequential,,857,0,186131,2372
9,add,2000,0.8,0.0,zipf,0,0,mpi_priority,8,474,0,1860,0
9,add,2000,0.8,0.0,zipf,0,1,mpi_priority,8,471,0,2035,0
9,add,2000,0.8,0.0,zipf,0,0,sequential,,343,0,27945,781
9,add,2000,0.8,0.0,zipf,0,1,sequential,,270,0,23857,775
136,addremove,8362,0.6000000000000001,0.0,zipf,0,0,mpi_priority,8,1381,0,110265,0
136,addremove,8362,0.6000000000000001,0.0,zipf,0,1,mpi_priority,8,1447,0,104750,0
136,addremove,8362,0.6000000000000001,0.0,zipf,0,0,sequential,,894,0,324791,3077
136,addremove,8362,0.6000000000000001,0.0,zipf,0,1,sequential,,826,0,318372,3063
58,remove,3419,0.8,0.0,zipf,0,0,mpi_priority,8,365,0,22999,0
58,remove,3419,0.8,0.0,zipf,0,1,mpi_priority,8,376,0,23289,0
58,remove,3419,0.8,0.0,zipf,0,0,sequential,,236,0,60850,1234
58,remove,3419,0.8,0.0,zipf,0,1,sequential,,219,0,56813,1233
73,add,4089,0.8,0.0,zipf,0,0,mpi_priority,8,985,0,5402,0
73,add,4089,0.8,0.0,zipf,0,1,mpi_priority,8,978,0,5424,0
73,add,4089,0.8,0.0,zipf,0,0,sequential,,601,0,102970,1560
73,add,4089,0.8,0.0,zipf,0,1,sequential,,582,0,103033,1621
16,add,2391,0.2,0.0,zipf,0,0,mpi_priority,8,473,0,237,0
16,add,2391,0.2,0.0,zipf,0,1,mpi_priority,8,451,0,246,0
16,add,2391,0.2,0.0,zipf,0,0,sequential,,278,0,2069,228
16,add,2391,0.2,0.0,zipf,0,1,sequential,,277,0,2040,228
6,add,2000,0.6000000000000001,0.0,zipf,0,0,mpi_priority,8,473,0,1242,0
6,add,2000,0.6000000000000001,0.0,zipf,0,1,mpi_priority,8,532,0,1233,0
6,add,2000,0.6000000000000001,0.0,zipf,0,0,sequential,,276,0,13593,583
6,add,2000,0.6000000000000001,0.0,zipf,0,1,sequential,,283,0,13439,578
157,add,10000,1.0,0.0,zipf,0,0,mpi_priority,8,1586,0,23212,0
157,add,10000,1.0,0.0,zipf,0,1,mpi_priority,8,2721,0,19054,0
157,add,10000,1.0,0.0,zipf,0,0,sequential,,1639,0,1028095,4769
157,add,10000,1.0,0.0,zipf,0,1,sequential,,1509,0,1013716,4851
91,addremove,4890,0.8,0.0,zipf,0,0,mpi_priority,8,620,0,70926,0
91,addremove,4890,0.8,0.0,zipf,0,1,mpi_priority,8,654,0,58917,0
91,addremove,4890,0.8,0.0,zipf,0,0,sequential,,546,0,167220,2219
91,addremove,4890,0.8,0.0,zipf,0,1,sequential,,496,0,154295,2129
97,remove,5848,0.2,0.0,zipf,0,0,mpi_priority,8,643,0,4803,0
97,remove,5848,0.2,0.0,zipf,0,1,mpi_priority,8,550,0,4691,0
97,remove,5848,0.2,0.0,zipf,0,0,sequential,,586,0,10880,530
97,remove,5848,0.2,0.0,zipf,0,1,sequential,,623,0,11267,535
141,add,8362,1.0,0.0,zipf,0,0,mpi_priority,8,1993,0,16149,0
141,add,8362,1.0,0.0,zipf,0,1,mpi_priority,8,2265,0,19533,0
141,add,8362,1.0,0.0,zipf,0,0,sequential,,1775,0,722327,4057
141,add,8362,1.0,0.0,zipf,0,1,sequential,,1176,0,704519,4045
62,remove,3419,1.0,0.0,zipf,0,0,mpi_priority,8,340,0,29561,0
62,remove,3419,1.0,0.0,zipf,0,1,mpi_priority,8,307,0,30091,0
62,remove,3419,1.0,0.0,zipf,0,0,sequential,,200,0,91803,1530
62,remove,3419,1.0,0.0,zipf,0,1,sequential,,185,0,87118,1518
144,add,10000,0.2,0.0,zipf,0,0,mpi_priority,8,1113,0,1882,0
144,add,10000,0.2,0.0,zipf,0,1,mpi_priority,8,1830,0,2247,0
144,add,10000,0.2,0.0,zipf,0,0,sequential,,1075,0,36827,957
144,add,10000,0.2,0.0,zipf,0,1,sequential,,1038,0,36347,968
105,add,5848,0.8,0.0,zipf,0,0,mpi_priority,8,828,0,7374,0
105,add,5848,0.8,0.0,zipf,0,1,mpi_priority,8,876,0,8425,0
105,add,5848,0.8,0.0,zipf,0,0,sequential,,910,0,220407,2262
105,add,5848,0.8,0.0,zipf,0,1,sequential,,789,0,213038,2243
52,remove,3419,0.4,0.0,zipf,0,0,mpi_priority,8,476,0,7514,0
52,remove,3419,0.4,0.0,zipf,0,1,mpi_priority,8,487,0,6451,0
52,remove,3419,0.4,0.0,zipf,0,0,sequential,,333,0,16407,964
52,remove,3419,0.4,0.0,zipf,0,1,sequential,,297,0,13860,817
28,independent,2391,1.0,0.0,zipf,0,0,mpi_priority,8,439,0,38341,0
28,independent,2391,1.0,0.0,zipf,0,1,mpi_priority,8,415,0,40857,0
28,independent,2391,1.0,0.0,zipf,0,0,sequential,,249,0,120618,1868
28,independent,2391,1.0,0.0,zipf,0,1,sequential,,237,0,116022,1852
135,remove,8362,0.6000000000000001,0.0,zipf,0,0,mpi_priority,8,981,0,68866,0
135,remove,8362,0.6000000000000001,0.0,zipf,0,1,mpi_priority,8,1090,0,80420,0
135,remove,8362,0.6000000000000001,0.0,zipf,0,0,sequential,,602,0,194155,2256
135,remove,8362,0.6000000000000001,0.0,zipf,0,1,sequential,,589,0,192104,2274
25,add,2391,0.8,0.0,zipf,0,0,mpi_priority,8,587,0,2626,0
25,add,2391,0.8,0.0,zipf,0,1,mpi_priority,8,579,0,2288,0
25,add,2391,0.8,0.0,zipf,0,0,sequential,,348,0,34840,910
25,add,2391,0.8,0.0,zipf,0,1,sequential,,357,0,34156,914
145,remove,10000,0.2,0.0,zipf,0,0,mpi_priority,8,895,0,13524,0
145,remove,10000,0.2,0.0,zipf,0,1,mpi_priority,8,1595,0,28521,0
145,remove,10000,0.2,0.0,zipf,0,0,sequential,,1027,0,43216,1236
145,remove,10000,0.2,0.0,zipf,0,1,sequential,,1197,0,35671,916
63,addremove,3419,1.0,0.0,zipf,0,0,mpi_priority,8,675,0,32038,0
63,addremove,3419,1.0,0.0,zipf,0,1,mpi_priority,8,625,0,34124,0
63,addremove,3419,1.0,0.0,zipf,0,0,sequential,,495,0,115533,1611
63,addremove,3419,1.0,0.0,zipf,0,1,sequential,,330,0,91013,1645
24,addremove,2391,0.6000000000000001,0.0,zipf,0,0,mpi_priority,8,426,0,30917,0
24,addremove,2391,0.6000000000000001,0.0,zipf,0,1,mpi_priority,8,409,0,11634,0
24,addremove,2391,0.6000000000000001,0.0,zipf,0,0,sequential,,267,0,28939,922
24,addremove,2391,0.6000000000000001,0.0,zipf,0,1,sequential,,245,0,25961,865
146,addremove,10000,0.2,0.0,zipf,0,0,mpi_priority,8,1673,0,32165,0
146,addremove,10000,0.2,0.0,zipf,0,1,mpi_priority,8,1631,0,36022,0
146,addremove,10000,0.2,0.0,zipf,0,0,sequential,,1087,0,101135,1665
146,addremove,10000,0.2,0.0,zipf,0,1,sequential,,984,0,90684,1656
96,add,5848,0.2,0.0,zipf,0,0,mpi_priority,8,1082,0,1136,0
96,add,5848,0.2,0.0,zipf,0,1,mpi_priority,8,1067,0,1169,0
96,add,5848,0.2,0.0,zipf,0,0,sequential,,692,0,13392,596
96,add,5848,0.2,0.0,zipf,0,1,sequential,,679,0,12734,548
54,add,3419,0.6000000000000001,0.0,zipf,0,0,mpi_priority,8,768,0,2794,0
54,add,3419,0.6000000000000001,0.0,zipf,0,1,mpi_priority,8,748,0,2179,0
54,add,3419,0.6000000000000001,0.0,zipf,0,0,sequential,,524,0,51050,1121
54,add,3419,0.6000000000000001,0.0,zipf,0,1,sequential,,476,0,39274,1049
159,addremove,10000,1.0,0.0,zipf,0,0,mpi_priority,8,1750,0,241623,0
159,addremove,10000,1.0,0.0,zipf,0,1,mpi_priority,8,1018,0,245086,0
159,addremove,10000,1.0,0.0,zipf,0,0,sequential,,982,0,822597,4877
159,addremove,10000,1.0,0.0,zipf,0,1,sequential,,989,0,821728,4924
10,remove,2000,0.8,0.0,zipf,0,0,mpi_priority,8,269,0,17944,0
10,remove,2000,0.8,0.0,zipf,0,1,mpi_priority,8,226,0,9175,0
10,remove,2000,0.8,0.0,zipf,0,0,sequential,,175,0,25531,819
10,remove,2000,0.8,0.0,zipf,0,1,sequential,,155,0,19844,720
78,remove,4089,1.0,0.0,zipf,0,0,mpi_priority,8,368,0,44376,0
78,remove,4089,1.0,0.0,zipf,0,0,sequential,,1235,0,159450,1841
78,remove,4089,1.0,0.0,zipf,0,1,sequential,,255,0,124984,1823
