input_strategy,input_length_1,input_change_strength,input_chunkiness,input_distribution,regen_i,repetition_i,diff_program,mpi_procs,micros_until_len
add,753,0.2,0.5,zipf,0,0,own_mpi,8,41010
add,753,0.2,0.5,zipf,0,0,own_sequential,,6131
add,4999,0.6000000000000001,1.0,zipf,0,0,own_mpi,8,2243309
add,4999,0.6000000000000001,1.0,zipf,0,0,own_sequential,,675184
addremove,1940,0.2,0.0,zipf,0,0,own_mpi,8,114179
addremove,1940,0.2,0.0,zipf,0,0,own_sequential,,43524
remove,113,0.6000000000000001,1.0,zipf,0,0,own_mpi,8,29346
remove,113,0.6000000000000001,1.0,zipf,0,0,own_sequential,,297
addremove,292,0.6000000000000001,1.0,zipf,0,0,own_mpi,8,39508
addremove,292,0.6000000000000001,1.0,zipf,0,0,own_sequential,,3627
addremove,6,0.2,0.0,zipf,0,0,own_mpi,8,155
addremove,6,0.2,0.0,zipf,0,0,own_sequential,,43
add,2,0.6000000000000001,0.5,zipf,0,0,own_mpi,8,212
add,2,0.6000000000000001,0.5,zipf,0,0,own_sequential,,46
add,1940,0.6000000000000001,0.5,zipf,0,0,own_mpi,8,342912
add,1940,0.6000000000000001,0.5,zipf,0,0,own_sequential,,103816
independent,6,1.0,0.0,zipf,0,0,own_mpi,8,289
independent,6,1.0,0.0,zipf,0,0,own_sequential,,45
addremove,6,0.2,0.5,zipf,0,0,own_mpi,8,201
addremove,6,0.2,0.5,zipf,0,0,own_sequential,,48
add,292,1.0,1.0,zipf,0,0,own_mpi,8,71076
add,292,1.0,1.0,zipf,0,0,own_sequential,,5424
remove,17,0.8,1.0,zipf,0,0,own_mpi,8,20259
remove,17,0.8,1.0,zipf,0,0,own_sequential,,85
remove,6,0.6000000000000001,1.0,zipf,0,0,own_mpi,8,142
remove,6,0.6000000000000001,1.0,zipf,0,0,own_sequential,,32
remove,6,1.0,0.0,zipf,0,0,own_mpi,8,4939
remove,6,1.0,0.0,zipf,0,0,own_sequential,,48
add,753,0.8,0.0,zipf,0,0,own_mpi,8,179264
add,753,0.8,0.0,zipf,0,0,own_sequential,,21924
add,17,0.8,1.0,zipf,0,0,own_mpi,8,11326
add,17,0.8,1.0,zipf,0,0,own_sequential,,253
remove,6,1.0,1.0,zipf,0,0,own_mpi,8,11861
remove,6,1.0,1.0,zipf,0,0,own_sequential,,49
remove,44,0.6000000000000001,0.5,zipf,0,0,own_mpi,8,27719
remove,44,0.6000000000000001,0.5,zipf,0,0,own_sequential,,80
addremove,4999,0.6000000000000001,0.0,zipf,0,0,own_mpi,8,3082024
addremove,4999,0.6000000000000001,0.0,zipf,0,0,own_sequential,,692565
remove,113,0.2,0.0,zipf,0,0,own_mpi,8,20551
remove,113,0.2,0.0,zipf,0,0,own_sequential,,155
add,1940,0.2,0.0,zipf,0,0,own_mpi,8,92660
add,1940,0.2,0.0,zipf,0,0,own_sequential,,42440
addremove,1940,0.4,0.5,zipf,0,0,own_mpi,8,308668
addremove,1940,0.4,0.5,zipf,0,0,own_sequential,,78511
remove,292,0.2,0.5,zipf,0,0,own_mpi,8,21043
remove,292,0.2,0.5,zipf,0,0,own_sequential,,3409
addremove,4999,0.2,0.0,zipf,0,0,own_mpi,8,763949
addremove,4999,0.2,0.0,zipf,0,0,own_sequential,,264737
addremove,113,0.6000000000000001,0.0,zipf,0,0,own_mpi,8,40257
addremove,113,0.6000000000000001,0.0,zipf,0,0,own_sequential,,441
addremove,4999,1.0,0.0,zipf,0,0,own_mpi,8,5269645
addremove,4999,1.0,0.0,zipf,0,0,own_sequential,,1074646
remove,17,0.6000000000000001,0.5,zipf,0,0,own_mpi,8,4748
remove,17,0.6000000000000001,0.5,zipf,0,0,own_sequential,,42
addremove,113,0.8,0.5,zipf,0,0,own_mpi,8,13498
addremove,113,0.8,0.5,zipf,0,0,own_sequential,,1389
remove,292,0.6000000000000001,0.5,zipf,0,0,own_mpi,8,34252
remove,292,0.6000000000000001,0.5,zipf,0,0,own_sequential,,1752
remove,753,0.6000000000000001,0.0,zipf,0,0,own_mpi,8,68421
remove,753,0.6000000000000001,0.0,zipf,0,0,own_sequential,,11206
add,292,0.4,0.0,zipf,0,0,own_mpi,8,16234
add,292,0.4,0.0,zipf,0,0,own_sequential,,3966
addremove,753,0.4,0.5,zipf,0,0,own_mpi,8,66787
addremove,753,0.4,0.5,zipf,0,0,own_sequential,,12754
add,44,1.0,0.5,zipf,0,0,own_mpi,8,21856
add,44,1.0,0.5,zipf,0,0,own_sequential,,239
addremove,17,0.4,0.0,zipf,0,0,own_mpi,8,22793
addremove,17,0.4,0.0,zipf,0,0,own_sequential,,165
addremove,113,0.4,0.5,zipf,0,0,own_mpi,8,2287
addremove,113,0.4,0.5,zipf,0,0,own_sequential,,1747
remove,113,1.0,0.0,zipf,0,0,own_mpi,8,3663
remove,113,1.0,0.0,zipf,0,0,own_sequential,,496
remove,292,1.0,0.5,zipf,0,0,own_mpi,8,39698
remove,292,1.0,0.5,zipf,0,0,own_sequential,,14625
addremove,113,0.6000000000000001,1.0,zipf,0,0,own_mpi,8,13451
addremove,113,0.6000000000000001,1.0,zipf,0,0,own_sequential,,620
add,292,0.6000000000000001,0.5,zipf,0,0,own_mpi,8,22297
add,292,0.6000000000000001,0.5,zipf,0,0,own_sequential,,3235
add,1940,0.8,0.0,zipf,0,0,own_mpi,8,593244
add,1940,0.8,0.0,zipf,0,0,own_sequential,,146277
remove,1940,0.2,0.5,zipf,0,0,own_mpi,8,72115
remove,1940,0.2,0.5,zipf,0,0,own_sequential,,31636
add,1940,1.0,0.5,zipf,0,0,own_mpi,8,896234
add,1940,1.0,0.5,zipf,0,0,own_sequential,,212549
addremove,1,0.4,1.0,zipf,0,0,own_mpi,8,125
addremove,1,0.4,1.0,zipf,0,0,own_sequential,,30
add,1,0.8,0.0,zipf,0,0,own_mpi,8,118
add,1,0.8,0.0,zipf,0,0,own_sequential,,33
add,6,0.4,0.5,zipf,0,0,own_mpi,8,121
add,6,0.4,0.5,zipf,0,0,own_sequential,,180
remove,4999,0.6000000000000001,0.5,zipf,0,0,own_mpi,8,2010527
remove,4999,0.6000000000000001,0.5,zipf,0,0,own_sequential,,401394
add,4999,1.0,0.0,zipf,0,0,own_mpi,8,5738654
add,4999,1.0,0.0,zipf,0,0,own_sequential,,1354153
addremove,6,1.0,0.0,zipf,0,0,own_mpi,8,12203
addremove,6,1.0,0.0,zipf,0,0,own_sequential,,39
addremove,44,1.0,0.5,zipf,0,0,own_mpi,8,33218
addremove,44,1.0,0.5,zipf,0,0,own_sequential,,87
add,753,1.0,1.0,zipf,0,0,own_mpi,8,148001
add,753,1.0,1.0,zipf,0,0,own_sequential,,36851
remove,292,0.2,1.0,zipf,0,0,own_mpi,8,14572
remove,292,0.2,1.0,zipf,0,0,own_sequential,,1286
independent,1,1.0,0.0,zipf,0,0,own_mpi,8,260
independent,1,1.0,0.0,zipf,0,0,own_sequential,,105
addremove,2,1.0,0.0,zipf,0,0,own_mpi,8,137
addremove,2,1.0,0.0,zipf,0,0,own_sequential,,31
addremove,753,1.0,1.0,zipf,0,0,own_mpi,8,87700
addremove,753,1.0,1.0,zipf,0,0,own_sequential,,16347
add,6,1.0,0.5,zipf,0,0,own_mpi,8,349
add,6,1.0,0.5,zipf,0,0,own_sequential,,92
add,17,1.0,0.0,zipf,0,0,own_mpi,8,18976
add,17,1.0,0.0,zipf,0,0,own_sequential,,48
add,1940,0.8,0.5,zipf,0,0,own_mpi,8,574478
add,1940,0.8,0.5,zipf,0,0,own_sequential,,158843
remove,44,0.4,0.0,zipf,0,0,own_mpi,8,376
remove,44,0.4,0.0,zipf,0,0,own_sequential,,277
addremove,1,0.6000000000000001,1.0,zipf,0,0,own_mpi,8,134
addremove,1,0.6000000000000001,1.0,zipf,0,0,own_sequential,,28
add,44,0.4,0.5,zipf,0,0,own_mpi,8,31235
add,44,0.4,0.5,zipf,0,0,own_sequential,,71
remove,2,0.4,1.0,zipf,0,0,own_mpi,8,149
remove,2,0.4,1.0,zipf,0,0,own_sequential,,46
remove,6,1.0,0.5,zipf,0,0,own_mpi,8,14485
remove,6,1.0,0.5,zipf,0,0,own_sequential,,64
add,753,0.4,1.0,zipf,0,0,own_mpi,8,38205
add,753,0.4,1.0,zipf,0,0,own_sequential,,10336
remove,6,0.8,0.5,zipf,0,0,own_mpi,8,13565
remove,6,0.8,0.5,zipf,0,0,own_sequential,,53
addremove,753,1.0,0.5,zipf,0,0,own_mpi,8,109655
addremove,753,1.0,0.5,zipf,0,0,own_sequential,,67053
addremove,292,0.2,0.5,zipf,0,0,own_mpi,8,42821
addremove,292,0.2,0.5,zipf,0,0,own_sequential,,5785
remove,113,0.6000000000000001,0.0,zipf,0,0,own_mpi,8,25815
remove,113,0.6000000000000001,0.0,zipf,0,0,own_sequential,,313
add,2,0.6000000000000001,0.0,zipf,0,0,own_mpi,8,128
add,2,0.6000000000000001,0.0,zipf,0,0,own_sequential,,131
addremove,113,1.0,0.5,zipf,0,0,own_mpi,8,36841
addremove,113,1.0,0.5,zipf,0,0,own_sequential,,532
remove,1940,0.4,0.5,zipf,0,0,own_mpi,8,161606
remove,1940,0.4,0.5,zipf,0,0,own_sequential,,102654
addremove,753,0.2,1.0,zipf,0,0,own_mpi,8,24753
addremove,753,0.2,1.0,zipf,0,0,own_sequential,,5962
remove,44,0.8,1.0,zipf,0,0,own_mpi,8,32531
remove,44,0.8,1.0,zipf,0,0,own_sequential,,123
remove,292,0.8,1.0,zipf,0,0,own_mpi,8,39994
remove,292,0.8,1.0,zipf,0,0,own_sequential,,2690
add,2,0.4,0.0,zipf,0,0,own_mpi,8,168
add,2,0.4,0.0,zipf,0,0,own_sequential,,123
add,17,0.2,0.0,zipf,0,0,own_mpi,8,11111
add,17,0.2,0.0,zipf,0,0,own_sequential,,34
add,17,0.4,0.0,zipf,0,0,own_mpi,8,11841
add,17,0.4,0.0,zipf,0,0,own_sequential,,53
addremove,4999,0.4,0.5,zipf,0,0,own_mpi,8,1826903
addremove,4999,0.4,0.5,zipf,0,0,own_sequential,,449403
addremove,4999,0.4,1.0,zipf,0,0,own_mpi,8,1913203
addremove,4999,0.4,1.0,zipf,0,0,own_sequential,,475407
remove,1940,0.6000000000000001,0.0,zipf,0,0,own_mpi,8,334507
remove,1940,0.6000000000000001,0.0,zipf,0,0,own_sequential,,63840
addremove,6,0.8,1.0,zipf,0,0,own_mpi,8,15179
addremove,6,0.8,1.0,zipf,0,0,own_sequential,,41
remove,1,0.6000000000000001,0.5,zipf,0,0,own_mpi,8,263
remove,1,0.6000000000000001,0.5,zipf,0,0,own_sequential,,109
addremove,292,0.6000000000000001,0.5,zipf,0,0,own_mpi,8,20521
addremove,292,0.6000000000000001,0.5,zipf,0,0,own_sequential,,2631
addremove,44,0.4,0.0,zipf,0,0,own_mpi,8,78205
addremove,44,0.4,0.0,zipf,0,0,own_sequential,,95
add,17,1.0,0.5,zipf,0,0,own_mpi,8,7055
add,17,1.0,0.5,zipf,0,0,own_sequential,,58
addremove,292,0.2,0.0,zipf,0,0,own_mpi,8,38191
addremove,292,0.2,0.0,zipf,0,0,own_sequential,,1154
addremove,753,0.8,0.5,zipf,0,0,own_mpi,8,126201
addremove,753,0.8,0.5,zipf,0,0,own_sequential,,20465
add,2,1.0,0.0,zipf,0,0,own_mpi,8,133
add,2,1.0,0.0,zipf,0,0,own_sequential,,165
addremove,113,0.2,1.0,zipf,0,0,own_mpi,8,9463
addremove,113,0.2,1.0,zipf,0,0,own_sequential,,1128
add,113,0.4,1.0,zipf,0,0,own_mpi,8,11316
add,113,0.4,1.0,zipf,0,0,own_sequential,,337
addremove,1940,1.0,1.0,zipf,0,0,own_mpi,8,478754
addremove,1940,1.0,1.0,zipf,0,0,own_sequential,,102945
add,1,1.0,0.0,zipf,0,0,own_mpi,8,177
add,1,1.0,0.0,zipf,0,0,own_sequential,,28
add,113,1.0,0.0,zipf,0,0,own_mpi,8,15154
add,113,1.0,0.0,zipf,0,0,own_sequential,,3936
add,1940,0.4,0.0,zipf,0,0,own_mpi,8,179400
add,1940,0.4,0.0,zipf,0,0,own_sequential,,59844
add,753,0.4,0.0,zipf,0,0,own_mpi,8,36129
add,753,0.4,0.0,zipf,0,0,own_sequential,,11684
add,113,0.6000000000000001,1.0,zipf,0,0,own_mpi,8,91081
add,113,0.6000000000000001,1.0,zipf,0,0,own_sequential,,359
add,44,0.4,1.0,zipf,0,0,own_mpi,8,31206
add,44,0.4,1.0,zipf,0,0,own_sequential,,82
add,17,0.4,0.5,zipf,0,0,own_mpi,8,261
add,17,0.4,0.5,zipf,0,0,own_sequential,,87
remove,17,1.0,0.0,zipf,0,0,own_mpi,8,121511
remove,17,1.0,0.0,zipf,0,0,own_sequential,,41
remove,1,0.4,0.5,zipf,0,0,own_mpi,8,136
remove,1,0.4,0.5,zipf,0,0,own_sequential,,43
add,753,0.4,0.5,zipf,0,0,own_mpi,8,254484
add,753,0.4,0.5,zipf,0,0,own_sequential,,9234
remove,753,0.4,0.0,zipf,0,0,own_mpi,8,122902
remove,753,0.4,0.0,zipf,0,0,own_sequential,,6551
add,1,1.0,0.5,zipf,0,0,own_mpi,8,130
add,1,1.0,0.5,zipf,0,0,own_sequential,,28
remove,1,0.2,0.0,zipf,0,0,own_mpi,8,211
remove,1,0.2,0.0,zipf,0,0,own_sequential,,31
remove,292,0.4,0.5,zipf,0,0,own_mpi,8,69033
remove,292,0.4,0.5,zipf,0,0,own_sequential,,1208
addremove,17,0.8,0.0,zipf,0,0,own_mpi,8,106882
addremove,17,0.8,0.0,zipf,0,0,own_sequential,,40
remove,4999,1.0,0.0,zipf,0,0,own_mpi,8,6601717
remove,4999,1.0,0.0,zipf,0,0,own_sequential,,815380
add,6,0.6000000000000001,1.0,zipf,0,0,own_mpi,8,124
add,6,0.6000000000000001,1.0,zipf,0,0,own_sequential,,33
add,292,1.0,0.5,zipf,0,0,own_mpi,8,56170
add,292,1.0,0.5,zipf,0,0,own_sequential,,4700
add,1,1.0,1.0,zipf,0,0,own_mpi,8,118
add,1,1.0,1.0,zipf,0,0,own_sequential,,31
remove,17,0.8,0.0,zipf,0,0,own_mpi,8,786
remove,17,0.8,0.0,zipf,0,0,own_sequential,,180
add,753,0.6000000000000001,0.5,zipf,0,0,own_mpi,8,62768
add,753,0.6000000000000001,0.5,zipf,0,0,own_sequential,,17582
remove,753,0.6000000000000001,0.5,zipf,0,0,own_mpi,8,77423
remove,753,0.6000000000000001,0.5,zipf,0,0,own_sequential,,10585
add,1940,0.2,0.5,zipf,0,0,own_mpi,8,80913
add,1940,0.2,0.5,zipf,0,0,own_sequential,,42778
remove,4999,0.2,0.5,zipf,0,0,own_mpi,8,392883
remove,4999,0.2,0.5,zipf,0,0,own_sequential,,172058
addremove,1,0.8,0.0,zipf,0,0,own_mpi,8,270
addremove,1,0.8,0.0,zipf,0,0,own_sequential,,31
remove,1,0.8,1.0,zipf,0,0,own_mpi,8,124
remove,1,0.8,1.0,zipf,0,0,own_sequential,,22
addremove,17,1.0,0.5,zipf,0,0,own_mpi,8,26867
addremove,17,1.0,0.5,zipf,0,0,own_sequential,,42
remove,1940,0.8,1.0,zipf,0,0,own_mpi,8,547145
remove,1940,0.8,1.0,zipf,0,0,own_sequential,,87296
remove,6,0.6000000000000001,0.5,zipf,0,0,own_mpi,8,11310
remove,6,0.6000000000000001,0.5,zipf,0,0,own_sequential,,129
remove,2,0.6000000000000001,0.5,zipf,0,0,own_mpi,8,115
remove,2,0.6000000000000001,0.5,zipf,0,0,own_sequential,,42
remove,292,0.2,0.0,zipf,0,0,own_mpi,8,11519
remove,292,0.2,0.0,zipf,0,0,own_sequential,,1387
add,1940,0.6000000000000001,0.0,zipf,0,0,own_mpi,8,346647
add,1940,0.6000000000000001,0.0,zipf,0,0,own_sequential,,97251
remove,753,1.0,0.5,zipf,0,0,own_mpi,8,155321
remove,753,1.0,0.5,zipf,0,0,own_sequential,,20498
addremove,2,0.6000000000000001,0.0,zipf,0,0,own_mpi,8,140
addremove,2,0.6000000000000001,0.0,zipf,0,0,own_sequential,,129
remove,2,0.2,1.0,zipf,0,0,own_mpi,8,223
remove,2,0.2,1.0,zipf,0,0,own_sequential,,31
add,6,0.8,0.0,zipf,0,0,own_mpi,8,160
add,6,0.8,0.0,zipf,0,0,own_sequential,,39
remove,4999,1.0,0.5,zipf,0,0,own_mpi,8,8643471
remove,4999,1.0,0.5,zipf,0,0,own_sequential,,844875
addremove,4999,0.4,0.0,zipf,0,0,own_mpi,8,4759414
addremove,4999,0.4,0.0,zipf,0,0,own_sequential,,507441
add,17,0.4,1.0,zipf,0,0,own_mpi,8,4075
add,17,0.4,1.0,zipf,0,0,own_sequential,,41
addremove,4999,0.2,1.0,zipf,0,0,own_mpi,8,516651
addremove,4999,0.2,1.0,zipf,0,0,own_sequential,,223254
addremove,17,0.8,0.5,zipf,0,0,own_mpi,8,25395
addremove,17,0.8,0.5,zipf,0,0,own_sequential,,39
addremove,753,0.2,0.0,zipf,0,0,own_mpi,8,46126
addremove,753,0.2,0.0,zipf,0,0,own_sequential,,7319
remove,113,1.0,1.0,zipf,0,0,own_mpi,8,7382
remove,113,1.0,1.0,zipf,0,0,own_sequential,,892
remove,753,1.0,1.0,zipf,0,0,own_mpi,8,141442
remove,753,1.0,1.0,zipf,0,0,own_sequential,,21034
add,753,0.2,0.0,zipf,0,0,own_mpi,8,68026
add,753,0.2,0.0,zipf,0,0,own_sequential,,5706
remove,4999,0.2,0.0,zipf,0,0,own_mpi,8,384192
remove,4999,0.2,0.0,zipf,0,0,own_sequential,,169271
addremove,1,0.8,0.5,zipf,0,0,own_mpi,8,106
addremove,1,0.8,0.5,zipf,0,0,own_sequential,,30
remove,292,0.4,1.0,zipf,0,0,own_mpi,8,26514
remove,292,0.4,1.0,zipf,0,0,own_sequential,,1248
remove,113,0.8,0.0,zipf,0,0,own_mpi,8,12267
remove,113,0.8,0.0,zipf,0,0,own_sequential,,439
addremove,44,0.2,0.0,zipf,0,0,own_mpi,8,15914
addremove,44,0.2,0.0,zipf,0,0,own_sequential,,99
add,292,0.4,1.0,zipf,0,0,own_mpi,8,5517
add,292,0.4,1.0,zipf,0,0,own_sequential,,1640
remove,2,0.8,0.5,zipf,0,0,own_mpi,8,127
remove,2,0.8,0.5,zipf,0,0,own_sequential,,31
addremove,1,1.0,1.0,zipf,0,0,own_mpi,8,120
addremove,1,1.0,1.0,zipf,0,0,own_sequential,,105
remove,113,0.4,0.5,zipf,0,0,own_mpi,8,34921
remove,113,0.4,0.5,zipf,0,0,own_sequential,,185
addremove,2,0.4,0.5,zipf,0,0,own_mpi,8,229
addremove,2,0.4,0.5,zipf,0,0,own_sequential,,123
independent,292,1.0,0.0,zipf,0,0,own_mpi,8,59980
independent,292,1.0,0.0,zipf,0,0,own_sequential,,9737
remove,17,1.0,0.5,zipf,0,0,own_mpi,8,29590
remove,17,1.0,0.5,zipf,0,0,own_sequential,,54
add,4999,0.2,0.0,zipf,0,0,own_mpi,8,452490
add,4999,0.2,0.0,zipf,0,0,own_sequential,,242219
remove,113,0.8,0.5,zipf,0,0,own_mpi,8,41898
remove,113,0.8,0.5,zipf,0,0,own_sequential,,349
remove,44,1.0,0.5,zipf,0,0,own_mpi,8,9179
remove,44,1.0,0.5,zipf,0,0,own_sequential,,466
add,2,0.2,1.0,zipf,0,0,own_mpi,8,118
add,2,0.2,1.0,zipf,0,0,own_sequential,,46
addremove,6,0.4,0.0,zipf,0,0,own_mpi,8,141
addremove,6,0.4,0.0,zipf,0,0,own_sequential,,36
remove,2,0.8,0.0,zipf,0,0,own_mpi,8,137
remove,2,0.8,0.0,zipf,0,0,own_sequential,,28
addremove,44,0.4,1.0,zipf,0,0,own_mpi,8,10377
addremove,44,0.4,1.0,zipf,0,0,own_sequential,,283
remove,17,0.2,1.0,zipf,0,0,own_mpi,8,157
remove,17,0.2,1.0,zipf,0,0,own_sequential,,40
remove,753,0.2,0.0,zipf,0,0,own_mpi,8,30319
remove,753,0.2,0.0,zipf,0,0,own_sequential,,4490
remove,753,0.6000000000000001,1.0,zipf,0,0,own_mpi,8,73448
remove,753,0.6000000000000001,1.0,zipf,0,0,own_sequential,,10070
remove,753,0.4,0.5,zipf,0,0,own_mpi,8,43430
remove,753,0.4,0.5,zipf,0,0,own_sequential,,9956
addremove,292,1.0,0.0,zipf,0,0,own_mpi,8,37317
addremove,292,1.0,0.0,zipf,0,0,own_sequential,,4516
remove,4999,0.8,0.5,zipf,0,0,own_mpi,8,3642952
remove,4999,0.8,0.5,zipf,0,0,own_sequential,,595940
addremove,753,0.8,0.0,zipf,0,0,own_mpi,8,121880
addremove,753,0.8,0.0,zipf,0,0,own_sequential,,21152
add,292,0.8,0.0,zipf,0,0,own_mpi,8,33400
add,292,0.8,0.0,zipf,0,0,own_sequential,,4297
remove,113,1.0,0.5,zipf,0,0,own_mpi,8,23186
remove,113,1.0,0.5,zipf,0,0,own_sequential,,720
add,6,1.0,0.0,zipf,0,0,own_mpi,8,37057
add,6,1.0,0.0,zipf,0,0,own_sequential,,31
remove,6,0.4,1.0,zipf,0,0,own_mpi,8,209
remove,6,0.4,1.0,zipf,0,0,own_sequential,,36
add,6,0.2,0.0,zipf,0,0,own_mpi,8,208
add,6,0.2,0.0,zipf,0,0,own_sequential,,47
addremove,1940,0.2,0.5,zipf,0,0,own_mpi,8,157423
addremove,1940,0.2,0.5,zipf,0,0,own_sequential,,45315
add,1940,0.2,1.0,zipf,0,0,own_mpi,8,73796
add,1940,0.2,1.0,zipf,0,0,own_sequential,,43622
remove,1,0.4,0.0,zipf,0,0,own_mpi,8,150
remove,1,0.4,0.0,zipf,0,0,own_sequential,,55
add,1,0.6000000000000001,1.0,zipf,0,0,own_mpi,8,121
add,1,0.6000000000000001,1.0,zipf,0,0,own_sequential,,38
add,44,0.8,1.0,zipf,0,0,own_mpi,8,8151
add,44,0.8,1.0,zipf,0,0,own_sequential,,539
addremove,753,0.6000000000000001,0.5,zipf,0,0,own_mpi,8,104663
addremove,753,0.6000000000000001,0.5,zipf,0,0,own_sequential,,17710
add,4999,0.6000000000000001,0.0,zipf,0,0,own_mpi,8,2227814
add,4999,0.6000000000000001,0.0,zipf,0,0,own_sequential,,635960
addremove,292,0.6000000000000001,0.0,zipf,0,0,own_mpi,8,19060
addremove,292,0.6000000000000001,0.0,zipf,0,0,own_sequential,,2332
remove,113,0.4,0.0,zipf,0,0,own_mpi,8,12222
remove,113,0.4,0.0,zipf,0,0,own_sequential,,205
addremove,2,0.4,0.0,zipf,0,0,own_mpi,8,194
addremove,2,0.4,0.0,zipf,0,0,own_sequential,,34
add,113,0.6000000000000001,0.0,zipf,0,0,own_mpi,8,27690
add,113,0.6000000000000001,0.0,zipf,0,0,own_sequential,,484
addremove,753,0.6000000000000001,0.0,zipf,0,0,own_mpi,8,88778
addremove,753,0.6000000000000001,0.0,zipf,0,0,own_sequential,,18247
add,753,1.0,0.5,zipf,0,0,own_mpi,8,139320
add,753,1.0,0.5,zipf,0,0,own_sequential,,33910
remove,113,0.8,1.0,zipf,0,0,own_mpi,8,25283
remove,113,0.8,1.0,zipf,0,0,own_sequential,,437
remove,753,1.0,0.0,zipf,0,0,own_mpi,8,165339
remove,753,1.0,0.0,zipf,0,0,own_sequential,,22253
remove,753,0.8,0.0,zipf,0,0,own_mpi,8,114903
remove,753,0.8,0.0,zipf,0,0,own_sequential,,14894
addremove,4999,0.2,0.5,zipf,0,0,own_mpi,8,719211
addremove,4999,0.2,0.5,zipf,0,0,own_sequential,,331646
addremove,4999,0.8,1.0,zipf,0,0,own_mpi,8,4136725
addremove,4999,0.8,1.0,zipf,0,0,own_sequential,,884202
add,113,0.8,1.0,zipf,0,0,own_mpi,8,14839
add,113,0.8,1.0,zipf,0,0,own_sequential,,1835
addremove,753,1.0,0.0,zipf,0,0,own_mpi,8,148250
addremove,753,1.0,0.0,zipf,0,0,own_sequential,,26537
remove,17,0.8,0.5,zipf,0,0,own_mpi,8,44269
remove,17,0.8,0.5,zipf,0,0,own_sequential,,43
remove,113,0.2,0.5,zipf,0,0,own_mpi,8,10749
remove,113,0.2,0.5,zipf,0,0,own_sequential,,631
add,753,0.6000000000000001,0.0,zipf,0,0,own_mpi,8,71029
add,753,0.6000000000000001,0.0,zipf,0,0,own_sequential,,15448
remove,1940,0.4,0.0,zipf,0,0,own_mpi,8,181352
remove,1940,0.4,0.0,zipf,0,0,own_sequential,,40164
add,113,0.8,0.5,zipf,0,0,own_mpi,8,7383
add,113,0.8,0.5,zipf,0,0,own_sequential,,715
remove,17,0.4,0.0,zipf,0,0,own_mpi,8,11982
remove,17,0.4,0.0,zipf,0,0,own_sequential,,91
remove,17,0.2,0.0,zipf,0,0,own_mpi,8,155
remove,17,0.2,0.0,zipf,0,0,own_sequential,,50
addremove,6,0.4,0.5,zipf,0,0,own_mpi,8,152
addremove,6,0.4,0.5,zipf,0,0,own_sequential,,98
addremove,17,0.6000000000000001,0.5,zipf,0,0,own_mpi,8,39450
addremove,17,0.6000000000000001,0.5,zipf,0,0,own_sequential,,45
addremove,6,0.6000000000000001,0.0,zipf,0,0,own_mpi,8,11876
addremove,6,0.6000000000000001,0.0,zipf,0,0,own_sequential,,38
addremove,292,0.8,0.0,zipf,0,0,own_mpi,8,37452
addremove,292,0.8,0.0,zipf,0,0,own_sequential,,4481
addremove,2,0.2,0.0,zipf,0,0,own_mpi,8,171
addremove,2,0.2,0.0,zipf,0,0,own_sequential,,52
addremove,17,0.8,1.0,zipf,0,0,own_mpi,8,130
addremove,17,0.8,1.0,zipf,0,0,own_sequential,,40
addremove,6,1.0,1.0,zipf,0,0,own_mpi,8,20971
addremove,6,1.0,1.0,zipf,0,0,own_sequential,,37
add,1,0.2,1.0,zipf,0,0,own_mpi,8,145
add,1,0.2,1.0,zipf,0,0,own_sequential,,76
addremove,753,0.4,1.0,zipf,0,0,own_mpi,8,113884
addremove,753,0.4,1.0,zipf,0,0,own_sequential,,16845
add,753,0.8,0.5,zipf,0,0,own_mpi,8,96434
add,753,0.8,0.5,zipf,0,0,own_sequential,,86968
remove,753,0.2,0.5,zipf,0,0,own_mpi,8,31261
remove,753,0.2,0.5,zipf,0,0,own_sequential,,8124
remove,1940,0.6000000000000001,0.5,zipf,0,0,own_mpi,8,309813
remove,1940,0.6000000000000001,0.5,zipf,0,0,own_sequential,,63284
remove,113,0.4,1.0,zipf,0,0,own_mpi,8,7034
remove,113,0.4,1.0,zipf,0,0,own_sequential,,229
add,292,0.8,1.0,zipf,0,0,own_mpi,8,31233
add,292,0.8,1.0,zipf,0,0,own_sequential,,5869
add,1940,1.0,0.0,zipf,0,0,own_mpi,8,876392
add,1940,1.0,0.0,zipf,0,0,own_sequential,,216135
addremove,292,1.0,0.5,zipf,0,0,own_mpi,8,25291
addremove,292,1.0,0.5,zipf,0,0,own_sequential,,5141
add,4999,0.2,0.5,zipf,0,0,own_mpi,8,437613
add,4999,0.2,0.5,zipf,0,0,own_sequential,,230651
remove,6,0.2,0.0,zipf,0,0,own_mpi,8,131
remove,6,0.2,0.0,zipf,0,0,own_sequential,,75
addremove,17,0.2,0.5,zipf,0,0,own_mpi,8,36648
addremove,17,0.2,0.5,zipf,0,0,own_sequential,,37
remove,6,0.2,1.0,zipf,0,0,own_mpi,8,555
remove,6,0.2,1.0,zipf,0,0,own_sequential,,136
remove,292,1.0,0.0,zipf,0,0,own_mpi,8,50031
remove,292,1.0,0.0,zipf,0,0,own_sequential,,3220
addremove,4999,1.0,0.5,zipf,0,0,own_mpi,8,4443173
addremove,4999,1.0,0.5,zipf,0,0,own_sequential,,940874
add,753,1.0,0.0,zipf,0,0,own_mpi,8,175156
add,753,1.0,0.0,zipf,0,0,own_sequential,,31307
add,113,0.2,0.0,zipf,0,0,own_mpi,8,13019
add,113,0.2,0.0,zipf,0,0,own_sequential,,239
remove,6,0.2,0.5,zipf,0,0,own_mpi,8,270
remove,6,0.2,0.5,zipf,0,0,own_sequential,,121
independent,44,1.0,0.0,zipf,0,0,own_mpi,8,11132
independent,44,1.0,0.0,zipf,0,0,own_sequential,,208
addremove,44,0.6000000000000001,0.0,zipf,0,0,own_mpi,8,5620
addremove,44,0.6000000000000001,0.0,zipf,0,0,own_sequential,,141
add,4999,1.0,1.0,zipf,0,0,own_mpi,8,10568994
add,4999,1.0,1.0,zipf,0,0,own_sequential,,1420111
addremove,113,1.0,1.0,zipf,0,0,own_mpi,8,22709
addremove,113,1.0,1.0,zipf,0,0,own_sequential,,1407
addremove,2,0.6000000000000001,1.0,zipf,0,0,own_mpi,8,117
addremove,2,0.6000000000000001,1.0,zipf,0,0,own_sequential,,37
remove,44,0.8,0.0,zipf,0,0,own_mpi,8,13331
remove,44,0.8,0.0,zipf,0,0,own_sequential,,104
remove,44,0.6000000000000001,1.0,zipf,0,0,own_mpi,8,4930
remove,44,0.6000000000000001,1.0,zipf,0,0,own_sequential,,71
addremove,4999,1.0,1.0,zipf,0,0,own_mpi,8,4905892
addremove,4999,1.0,1.0,zipf,0,0,own_sequential,,932089
addremove,1940,1.0,0.0,zipf,0,0,own_mpi,8,1904699
addremove,1940,1.0,0.0,zipf,0,0,own_sequential,,208998
remove,1,1.0,0.5,zipf,0,0,own_mpi,8,37019
remove,1,1.0,0.5,zipf,0,0,own_sequential,,39
remove,6,0.8,1.0,zipf,0,0,own_mpi,8,14513
remove,6,0.8,1.0,zipf,0,0,own_sequential,,41
add,1940,0.4,1.0,zipf,0,0,own_mpi,8,400342
add,1940,0.4,1.0,zipf,0,0,own_sequential,,102305
remove,292,0.8,0.0,zipf,0,0,own_mpi,8,14731
remove,292,0.8,0.0,zipf,0,0,own_sequential,,11896
remove,44,0.2,0.0,zipf,0,0,own_mpi,8,1769
remove,44,0.2,0.0,zipf,0,0,own_sequential,,52
add,17,0.6000000000000001,0.5,zipf,0,0,own_mpi,8,146955
add,17,0.6000000000000001,0.5,zipf,0,0,own_sequential,,72
addremove,2,1.0,0.5,zipf,0,0,own_mpi,8,117
addremove,2,1.0,0.5,zipf,0,0,own_sequential,,26
remove,292,1.0,1.0,zipf,0,0,own_mpi,8,72182
remove,292,1.0,1.0,zipf,0,0,own_sequential,,2961
add,44,0.8,0.5,zipf,0,0,own_mpi,8,17953
add,44,0.8,0.5,zipf,0,0,own_sequential,,147
add,2,0.2,0.0,zipf,0,0,own_mpi,8,138
add,2,0.2,0.0,zipf,0,0,own_sequential,,47
addremove,1,0.6000000000000001,0.5,zipf,0,0,own_mpi,8,120
addremove,1,0.6000000000000001,0.5,zipf,0,0,own_sequential,,159
addremove,44,1.0,0.0,zipf,0,0,own_mpi,8,18521
addremove,44,1.0,0.0,zipf,0,0,own_sequential,,117
addremove,753,0.2,0.5,zipf,0,0,own_mpi,8,150980
addremove,753,0.2,0.5,zipf,0,0,own_sequential,,5657
addremove,1940,0.8,0.5,zipf,0,0,own_mpi,8,490196
addremove,1940,0.8,0.5,zipf,0,0,own_sequential,,112120
add,292,0.6000000000000001,1.0,zipf,0,0,own_mpi,8,36223
add,292,0.6000000000000001,1.0,zipf,0,0,own_sequential,,2636
addremove,44,0.4,0.5,zipf,0,0,own_mpi,8,25215
addremove,44,0.4,0.5,zipf,0,0,own_sequential,,320
addremove,113,0.4,1.0,zipf,0,0,own_mpi,8,18444
addremove,113,0.4,1.0,zipf,0,0,own_sequential,,399
add,44,0.2,1.0,zipf,0,0,own_mpi,8,10593
add,44,0.2,1.0,zipf,0,0,own_sequential,,85
add,2,0.8,0.5,zipf,0,0,own_mpi,8,159
add,2,0.8,0.5,zipf,0,0,own_sequential,,50
remove,44,0.2,0.5,zipf,0,0,own_mpi,8,47002
remove,44,0.2,0.5,zipf,0,0,own_sequential,,50
add,292,0.2,0.0,zipf,0,0,own_mpi,8,19501
add,292,0.2,0.0,zipf,0,0,own_sequential,,993
remove,17,0.6000000000000001,1.0,zipf,0,0,own_mpi,8,394
remove,17,0.6000000000000001,1.0,zipf,0,0,own_sequential,,79
remove,44,0.4,1.0,zipf,0,0,own_mpi,8,817
remove,44,0.4,1.0,zipf,0,0,own_sequential,,138
addremove,292,0.4,0.5,zipf,0,0,own_mpi,8,22603
addremove,292,0.4,0.5,zipf,0,0,own_sequential,,2328
remove,17,0.6000000000000001,0.0,zipf,0,0,own_mpi,8,39260
remove,17,0.6000000000000001,0.0,zipf,0,0,own_sequential,,34
add,2,1.0,1.0,zipf,0,0,own_mpi,8,1538
add,2,1.0,1.0,zipf,0,0,own_sequential,,47
addremove,44,0.8,0.0,zipf,0,0,own_mpi,8,710598
addremove,44,0.8,0.0,zipf,0,0,own_sequential,,131
addremove,2,0.4,1.0,zipf,0,0,own_mpi,8,19754
addremove,2,0.4,1.0,zipf,0,0,own_sequential,,41
add,1,0.4,0.5,zipf,0,0,own_mpi,8,124
add,1,0.4,0.5,zipf,0,0,own_sequential,,36
addremove,1940,0.4,1.0,zipf,0,0,own_mpi,8,393707
addremove,1940,0.4,1.0,zipf,0,0,own_sequential,,81468
remove,1940,1.0,0.5,zipf,0,0,own_mpi,8,3743325
remove,1940,1.0,0.5,zipf,0,0,own_sequential,,133796
remove,113,0.6000000000000001,0.5,zipf,0,0,own_mpi,8,15437
remove,113,0.6000000000000001,0.5,zipf,0,0,own_sequential,,325
add,6,0.4,1.0,zipf,0,0,own_mpi,8,155
add,6,0.4,1.0,zipf,0,0,own_sequential,,197
add,44,1.0,0.0,zipf,0,0,own_mpi,8,32668
add,44,1.0,0.0,zipf,0,0,own_sequential,,167
addremove,1940,1.0,0.5,zipf,0,0,own_mpi,8,928176
addremove,1940,1.0,0.5,zipf,0,0,own_sequential,,168714
add,292,0.2,1.0,zipf,0,0,own_mpi,8,12366
add,292,0.2,1.0,zipf,0,0,own_sequential,,887
add,6,0.8,0.5,zipf,0,0,own_mpi,8,132
add,6,0.8,0.5,zipf,0,0,own_sequential,,34
remove,1,0.2,0.5,zipf,0,0,own_mpi,8,140
remove,1,0.2,0.5,zipf,0,0,own_sequential,,35
addremove,17,0.2,0.0,zipf,0,0,own_mpi,8,191
addremove,17,0.2,0.0,zipf,0,0,own_sequential,,204
addremove,6,0.6000000000000001,0.5,zipf,0,0,own_mpi,8,10098
addremove,6,0.6000000000000001,0.5,zipf,0,0,own_sequential,,142
add,6,0.2,1.0,zipf,0,0,own_mpi,8,121
add,6,0.2,1.0,zipf,0,0,own_sequential,,203
add,4999,0.8,0.5,zipf,0,0,own_mpi,8,3779644
add,4999,0.8,0.5,zipf,0,0,own_sequential,,955677
remove,4999,0.8,1.0,zipf,0,0,own_mpi,8,3938203
remove,4999,0.8,1.0,zipf,0,0,own_sequential,,593428
add,1,0.4,1.0,zipf,0,0,own_mpi,8,118
add,1,0.4,1.0,zipf,0,0,own_sequential,,32
remove,17,0.2,0.5,zipf,0,0,own_mpi,8,188
remove,17,0.2,0.5,zipf,0,0,own_sequential,,36
addremove,753,0.6000000000000001,1.0,zipf,0,0,own_mpi,8,63501
addremove,753,0.6000000000000001,1.0,zipf,0,0,own_sequential,,13545
add,2,0.8,1.0,zipf,0,0,own_mpi,8,128
add,2,0.8,1.0,zipf,0,0,own_sequential,,36
add,4999,0.4,0.5,zipf,0,0,own_mpi,8,1395883
add,4999,0.4,0.5,zipf,0,0,own_sequential,,391096
remove,1940,0.2,1.0,zipf,0,0,own_mpi,8,78158
remove,1940,0.2,1.0,zipf,0,0,own_sequential,,26052
add,113,0.6000000000000001,0.5,zipf,0,0,own_mpi,8,33307
add,113,0.6000000000000001,0.5,zipf,0,0,own_sequential,,439
remove,1,0.6000000000000001,0.0,zipf,0,0,own_mpi,8,164
remove,1,0.6000000000000001,0.0,zipf,0,0,own_sequential,,124
add,44,0.8,0.0,zipf,0,0,own_mpi,8,28935
add,44,0.8,0.0,zipf,0,0,own_sequential,,133
add,113,1.0,0.5,zipf,0,0,own_mpi,8,9264
add,113,1.0,0.5,zipf,0,0,own_sequential,,1619
remove,17,1.0,1.0,zipf,0,0,own_mpi,8,3626
remove,17,1.0,1.0,zipf,0,0,own_sequential,,66
addremove,17,1.0,1.0,zipf,0,0,own_mpi,8,339
addremove,17,1.0,1.0,zipf,0,0,own_sequential,,157
add,17,0.2,1.0,zipf,0,0,own_mpi,8,18053
add,17,0.2,1.0,zipf,0,0,own_sequential,,37
remove,4999,1.0,1.0,zipf,0,0,own_mpi,8,11346944
remove,4999,1.0,1.0,zipf,0,0,own_sequential,,809670
addremove,753,0.8,1.0,zipf,0,0,own_mpi,8,2013981
addremove,753,0.8,1.0,zipf,0,0,own_sequential,,17810
remove,113,0.2,1.0,zipf,0,0,own_mpi,8,421986
remove,113,0.2,1.0,zipf,0,0,own_sequential,,135
addremove,1940,0.2,1.0,zipf,0,0,own_mpi,8,116982
addremove,1940,0.2,1.0,zipf,0,0,own_sequential,,105622
remove,17,0.4,0.5,zipf,0,0,own_mpi,8,16633
remove,17,0.4,0.5,zipf,0,0,own_sequential,,40
remove,44,1.0,0.0,zipf,0,0,own_mpi,8,11672
remove,44,1.0,0.0,zipf,0,0,own_sequential,,478
remove,4999,0.6000000000000001,1.0,zipf,0,0,own_mpi,8,2440250
remove,4999,0.6000000000000001,1.0,zipf,0,0,own_sequential,,404205
remove,1,0.2,1.0,zipf,0,0,own_mpi,8,118
remove,1,0.2,1.0,zipf,0,0,own_sequential,,30
addremove,6,0.4,1.0,zipf,0,0,own_mpi,8,152
addremove,6,0.4,1.0,zipf,0,0,own_sequential,,34
addremove,2,0.2,1.0,zipf,0,0,own_mpi,8,127
addremove,2,0.2,1.0,zipf,0,0,own_sequential,,35
add,44,0.6000000000000001,0.0,zipf,0,0,own_mpi,8,20229
add,44,0.6000000000000001,0.0,zipf,0,0,own_sequential,,102
addremove,1,0.2,1.0,zipf,0,0,own_mpi,8,157
addremove,1,0.2,1.0,zipf,0,0,own_sequential,,38
remove,753,0.8,1.0,zipf,0,0,own_mpi,8,108039
remove,753,0.8,1.0,zipf,0,0,own_sequential,,13855
independent,4999,1.0,0.0,zipf,0,0,own_mpi,8,15571815
independent,4999,1.0,0.0,zipf,0,0,own_sequential,,2547926
remove,4999,0.4,1.0,zipf,0,0,own_mpi,8,1334652
remove,4999,0.4,1.0,zipf,0,0,own_sequential,,262660
addremove,4999,0.6000000000000001,0.5,zipf,0,0,own_mpi,8,8539408
addremove,4999,0.6000000000000001,0.5,zipf,0,0,own_sequential,,588026
independent,1940,1.0,0.0,zipf,0,0,own_mpi,8,3420472
independent,1940,1.0,0.0,zipf,0,0,own_sequential,,371495
add,1,0.8,1.0,zipf,0,0,own_mpi,8,149
add,1,0.8,1.0,zipf,0,0,own_sequential,,28
add,1940,1.0,1.0,zipf,0,0,own_mpi,8,3657086
add,1940,1.0,1.0,zipf,0,0,own_sequential,,213929
addremove,17,0.4,0.5,zipf,0,0,own_mpi,8,215
addremove,17,0.4,0.5,zipf,0,0,own_sequential,,35
remove,4999,0.2,1.0,zipf,0,0,own_mpi,8,1605875
remove,4999,0.2,1.0,zipf,0,0,own_sequential,,169462
addremove,113,0.6000000000000001,0.5,zipf,0,0,own_mpi,8,23479
addremove,113,0.6000000000000001,0.5,zipf,0,0,own_sequential,,345
addremove,2,1.0,1.0,zipf,0,0,own_mpi,8,132
addremove,2,1.0,1.0,zipf,0,0,own_sequential,,36
addremove,2,0.6000000000000001,0.5,zipf,0,0,own_mpi,8,117
addremove,2,0.6000000000000001,0.5,zipf,0,0,own_sequential,,25
addremove,292,1.0,1.0,zipf,0,0,own_mpi,8,176377
addremove,292,1.0,1.0,zipf,0,0,own_sequential,,4353
addremove,17,0.4,1.0,zipf,0,0,own_mpi,8,266
addremove,17,0.4,1.0,zipf,0,0,own_sequential,,134
add,113,0.2,1.0,zipf,0,0,own_mpi,8,38233
add,113,0.2,1.0,zipf,0,0,own_sequential,,185
addremove,17,0.2,1.0,zipf,0,0,own_mpi,8,72932
addremove,17,0.2,1.0,zipf,0,0,own_sequential,,38
add,17,1.0,1.0,zipf,0,0,own_mpi,8,254971
add,17,1.0,1.0,zipf,0,0,own_sequential,,119
add,292,0.8,0.5,zipf,0,0,own_mpi,8,316339
add,292,0.8,0.5,zipf,0,0,own_sequential,,3482
addremove,6,0.8,0.0,zipf,0,0,own_mpi,8,160
addremove,6,0.8,0.0,zipf,0,0,own_sequential,,59
add,113,0.2,0.5,zipf,0,0,own_mpi,8,21940
add,113,0.2,0.5,zipf,0,0,own_sequential,,827
add,6,0.6000000000000001,0.0,zipf,0,0,own_mpi,8,168
add,6,0.6000000000000001,0.0,zipf,0,0,own_sequential,,92
addremove,44,0.8,1.0,zipf,0,0,own_mpi,8,30526
addremove,44,0.8,1.0,zipf,0,0,own_sequential,,83
addremove,44,0.6000000000000001,1.0,zipf,0,0,own_mpi,8,4394
addremove,44,0.6000000000000001,1.0,zipf,0,0,own_sequential,,196
remove,44,0.8,0.5,zipf,0,0,own_mpi,8,31736
remove,44,0.8,0.5,zipf,0,0,own_sequential,,104
add,1940,0.8,1.0,zipf,0,0,own_mpi,8,1305323
add,1940,0.8,1.0,zipf,0,0,own_sequential,,172780
remove,1940,1.0,0.0,zipf,0,0,own_mpi,8,821750
remove,1940,1.0,0.0,zipf,0,0,own_sequential,,130931
addremove,113,0.8,0.0,zipf,0,0,own_mpi,8,135949
addremove,113,0.8,0.0,zipf,0,0,own_sequential,,1424
addremove,1940,0.8,1.0,zipf,0,0,own_mpi,8,3481178
addremove,1940,0.8,1.0,zipf,0,0,own_sequential,,241298
add,113,0.4,0.0,zipf,0,0,own_mpi,8,1716
add,113,0.4,0.0,zipf,0,0,own_sequential,,280
add,44,0.2,0.5,zipf,0,0,own_mpi,8,7674
add,44,0.2,0.5,zipf,0,0,own_sequential,,388
addremove,113,0.2,0.0,zipf,0,0,own_mpi,8,733
addremove,113,0.2,0.0,zipf,0,0,own_sequential,,195
addremove,292,0.8,0.5,zipf,0,0,own_mpi,8,20115
addremove,292,0.8,0.5,zipf,0,0,own_sequential,,2113
add,113,1.0,1.0,zipf,0,0,own_mpi,8,12971
add,113,1.0,1.0,zipf,0,0,own_sequential,,851
add,17,0.8,0.0,zipf,0,0,own_mpi,8,15754
add,17,0.8,0.0,zipf,0,0,own_sequential,,91
remove,44,1.0,1.0,zipf,0,0,own_mpi,8,81473
remove,44,1.0,1.0,zipf,0,0,own_sequential,,110
addremove,6,0.8,0.5,zipf,0,0,own_mpi,8,194
addremove,6,0.8,0.5,zipf,0,0,own_sequential,,54
add,2,0.6000000000000001,1.0,zipf,0,0,own_mpi,8,259
add,2,0.6000000000000001,1.0,zipf,0,0,own_sequential,,72
add,1,0.8,0.5,zipf,0,0,own_mpi,8,112
add,1,0.8,0.5,zipf,0,0,own_sequential,,30
add,1,0.2,0.0,zipf,0,0,own_mpi,8,141
add,1,0.2,0.0,zipf,0,0,own_sequential,,41
addremove,17,0.6000000000000001,1.0,zipf,0,0,own_mpi,8,157
addremove,17,0.6000000000000001,1.0,zipf,0,0,own_sequential,,34
addremove,1,0.8,1.0,zipf,0,0,own_mpi,8,120
addremove,1,0.8,1.0,zipf,0,0,own_sequential,,29
add,2,0.2,0.5,zipf,0,0,own_mpi,8,160
add,2,0.2,0.5,zipf,0,0,own_sequential,,32
add,292,0.6000000000000001,0.0,zipf,0,0,own_mpi,8,344769
add,292,0.6000000000000001,0.0,zipf,0,0,own_sequential,,2280
remove,44,0.6000000000000001,0.0,zipf,0,0,own_mpi,8,30452
remove,44,0.6000000000000001,0.0,zipf,0,0,own_sequential,,73
remove,4999,0.6000000000000001,0.0,zipf,0,0,own_mpi,8,2276005
remove,4999,0.6000000000000001,0.0,zipf,0,0,own_sequential,,416932
add,2,0.8,0.0,zipf,0,0,own_mpi,8,98
add,2,0.8,0.0,zipf,0,0,own_sequential,,34
addremove,292,0.2,1.0,zipf,0,0,own_mpi,8,14838
addremove,292,0.2,1.0,zipf,0,0,own_sequential,,1531
remove,6,0.6000000000000001,0.0,zipf,0,0,own_mpi,8,257
remove,6,0.6000000000000001,0.0,zipf,0,0,own_sequential,,29
add,113,0.8,0.0,zipf,0,0,own_mpi,8,9697
add,113,0.8,0.0,zipf,0,0,own_sequential,,569
add,753,0.8,1.0,zipf,0,0,own_mpi,8,939316
add,753,0.8,1.0,zipf,0,0,own_sequential,,23671
addremove,753,0.4,0.0,zipf,0,0,own_mpi,8,584832
addremove,753,0.4,0.0,zipf,0,0,own_sequential,,12119
remove,1,0.4,1.0,zipf,0,0,own_mpi,8,134
remove,1,0.4,1.0,zipf,0,0,own_sequential,,31
remove,4999,0.4,0.5,zipf,0,0,own_mpi,8,1138557
remove,4999,0.4,0.5,zipf,0,0,own_sequential,,377933
remove,292,0.6000000000000001,1.0,zipf,0,0,own_mpi,8,34106
remove,292,0.6000000000000001,1.0,zipf,0,0,own_sequential,,3315
remove,1,0.8,0.0,zipf,0,0,own_mpi,8,120
remove,1,0.8,0.0,zipf,0,0,own_sequential,,27
addremove,1,1.0,0.0,zipf,0,0,own_mpi,8,114
addremove,1,1.0,0.0,zipf,0,0,own_sequential,,44
remove,1940,0.8,0.0,zipf,0,0,own_mpi,8,534163
remove,1940,0.8,0.0,zipf,0,0,own_sequential,,89567
remove,1,0.6000000000000001,1.0,zipf,0,0,own_mpi,8,125
remove,1,0.6000000000000001,1.0,zipf,0,0,own_sequential,,25
remove,2,1.0,0.0,zipf,0,0,own_mpi,8,146
remove,2,1.0,0.0,zipf,0,0,own_sequential,,29
remove,1940,0.8,0.5,zipf,0,0,own_mpi,8,613434
remove,1940,0.8,0.5,zipf,0,0,own_sequential,,103398
remove,2,1.0,1.0,zipf,0,0,own_mpi,8,140
remove,2,1.0,1.0,zipf,0,0,own_sequential,,115
addremove,17,0.6000000000000001,0.0,zipf,0,0,own_mpi,8,12764
addremove,17,0.6000000000000001,0.0,zipf,0,0,own_sequential,,41
add,1,0.6000000000000001,0.0,zipf,0,0,own_mpi,8,105
add,1,0.6000000000000001,0.0,zipf,0,0,own_sequential,,29
addremove,44,0.6000000000000001,0.5,zipf,0,0,own_mpi,8,33468
addremove,44,0.6000000000000001,0.5,zipf,0,0,own_sequential,,151
remove,753,0.8,0.5,zipf,0,0,own_mpi,8,92343
remove,753,0.8,0.5,zipf,0,0,own_sequential,,21276
add,6,0.2,0.5,zipf,0,0,own_mpi,8,128
add,6,0.2,0.5,zipf,0,0,own_sequential,,45
addremove,292,0.4,1.0,zipf,0,0,own_mpi,8,20207
addremove,292,0.4,1.0,zipf,0,0,own_sequential,,2596
addremove,1,0.4,0.0,zipf,0,0,own_mpi,8,229
addremove,1,0.4,0.0,zipf,0,0,own_sequential,,52
add,4999,0.4,1.0,zipf,0,0,own_mpi,8,2907800
add,4999,0.4,1.0,zipf,0,0,own_sequential,,394641
remove,2,0.6000000000000001,1.0,zipf,0,0,own_mpi,8,120
remove,2,0.6000000000000001,1.0,zipf,0,0,own_sequential,,27
addremove,6,1.0,0.5,zipf,0,0,own_mpi,8,203
addremove,6,1.0,0.5,zipf,0,0,own_sequential,,68
remove,2,0.4,0.5,zipf,0,0,own_mpi,8,157
remove,2,0.4,0.5,zipf,0,0,own_sequential,,42
add,6,0.8,1.0,zipf,0,0,own_mpi,8,32381
add,6,0.8,1.0,zipf,0,0,own_sequential,,32
remove,753,0.4,1.0,zipf,0,0,own_mpi,8,608800
remove,753,0.4,1.0,zipf,0,0,own_sequential,,5986
remove,753,0.2,1.0,zipf,0,0,own_mpi,8,64647
remove,753,0.2,1.0,zipf,0,0,own_sequential,,4042
addremove,2,0.8,0.5,zipf,0,0,own_mpi,8,10234
addremove,2,0.8,0.5,zipf,0,0,own_sequential,,43
addremove,113,0.4,0.0,zipf,0,0,own_mpi,8,4714
addremove,113,0.4,0.0,zipf,0,0,own_sequential,,1401
add,292,1.0,0.0,zipf,0,0,own_mpi,8,35048
add,292,1.0,0.0,zipf,0,0,own_sequential,,5607
remove,6,0.4,0.0,zipf,0,0,own_mpi,8,547
remove,6,0.4,0.0,zipf,0,0,own_sequential,,125
independent,753,1.0,0.0,zipf,0,0,own_mpi,8,1017521
independent,753,1.0,0.0,zipf,0,0,own_sequential,,52842
addremove,1,0.6000000000000001,0.0,zipf,0,0,own_mpi,8,124
addremove,1,0.6000000000000001,0.0,zipf,0,0,own_sequential,,35
addremove,4999,0.8,0.0,zipf,0,0,own_mpi,8,10232549
addremove,4999,0.8,0.0,zipf,0,0,own_sequential,,957693
add,6,0.6000000000000001,0.5,zipf,0,0,own_mpi,8,148
add,6,0.6000000000000001,0.5,zipf,0,0,own_sequential,,93
add,1940,0.4,0.5,zipf,0,0,own_mpi,8,184842
add,1940,0.4,0.5,zipf,0,0,own_sequential,,65715
remove,1940,1.0,1.0,zipf,0,0,own_mpi,8,856546
remove,1940,1.0,1.0,zipf,0,0,own_sequential,,123260
add,6,1.0,1.0,zipf,0,0,own_mpi,8,228
add,6,1.0,1.0,zipf,0,0,own_sequential,,41
add,4999,0.8,1.0,zipf,0,0,own_mpi,8,3918603
add,4999,0.8,1.0,zipf,0,0,own_sequential,,938352
remove,1940,0.6000000000000001,1.0,zipf,0,0,own_mpi,8,343945
remove,1940,0.6000000000000001,1.0,zipf,0,0,own_sequential,,77345
remove,44,0.2,1.0,zipf,0,0,own_mpi,8,11597
remove,44,0.2,1.0,zipf,0,0,own_sequential,,71
add,1940,0.6000000000000001,1.0,zipf,0,0,own_mpi,8,354416
add,1940,0.6000000000000001,1.0,zipf,0,0,own_sequential,,101960
remove,6,0.4,0.5,zipf,0,0,own_mpi,8,115
remove,6,0.4,0.5,zipf,0,0,own_sequential,,33
addremove,44,0.8,0.5,zipf,0,0,own_mpi,8,11759
addremove,44,0.8,0.5,zipf,0,0,own_sequential,,207
add,44,0.2,0.0,zipf,0,0,own_mpi,8,24165
add,44,0.2,0.0,zipf,0,0,own_sequential,,94
addremove,4999,0.8,0.5,zipf,0,0,own_mpi,8,4351777
addremove,4999,0.8,0.5,zipf,0,0,own_sequential,,938141
add,2,0.4,0.5,zipf,0,0,own_mpi,8,937
add,2,0.4,0.5,zipf,0,0,own_sequential,,32
add,44,0.4,0.0,zipf,0,0,own_mpi,8,125437
add,44,0.4,0.0,zipf,0,0,own_sequential,,66
addremove,1940,0.6000000000000001,0.0,zipf,0,0,own_mpi,8,742442
addremove,1940,0.6000000000000001,0.0,zipf,0,0,own_sequential,,110593
addremove,1940,0.4,0.0,zipf,0,0,own_mpi,8,415810
addremove,1940,0.4,0.0,zipf,0,0,own_sequential,,80545
addremove,113,0.2,0.5,zipf,0,0,own_mpi,8,7863
addremove,113,0.2,0.5,zipf,0,0,own_sequential,,201
remove,2,1.0,0.5,zipf,0,0,own_mpi,8,179
remove,2,1.0,0.5,zipf,0,0,own_sequential,,42
independent,2,1.0,0.0,zipf,0,0,own_mpi,8,229
independent,2,1.0,0.0,zipf,0,0,own_sequential,,47
addremove,2,0.2,0.5,zipf,0,0,own_mpi,8,28458
addremove,2,0.2,0.5,zipf,0,0,own_sequential,,33
add,292,0.2,0.5,zipf,0,0,own_mpi,8,21709
add,292,0.2,0.5,zipf,0,0,own_sequential,,890
addremove,1,1.0,0.5,zipf,0,0,own_mpi,8,132
addremove,1,1.0,0.5,zipf,0,0,own_sequential,,33
addremove,44,0.2,1.0,zipf,0,0,own_mpi,8,180092
addremove,44,0.2,1.0,zipf,0,0,own_sequential,,59
addremove,17,1.0,0.0,zipf,0,0,own_mpi,8,14323
addremove,17,1.0,0.0,zipf,0,0,own_sequential,,234
remove,1,1.0,0.0,zipf,0,0,own_mpi,8,187
remove,1,1.0,0.0,zipf,0,0,own_sequential,,48
addremove,1,0.4,0.5,zipf,0,0,own_mpi,8,194
addremove,1,0.4,0.5,zipf,0,0,own_sequential,,25
add,4999,0.8,0.0,zipf,0,0,own_mpi,8,4279498
add,4999,0.8,0.0,zipf,0,0,own_sequential,,954796
remove,2,0.2,0.0,zipf,0,0,own_mpi,8,123
remove,2,0.2,0.0,zipf,0,0,own_sequential,,30
addremove,44,0.2,0.5,zipf,0,0,own_mpi,8,913
addremove,44,0.2,0.5,zipf,0,0,own_sequential,,143
add,4999,0.2,1.0,zipf,0,0,own_mpi,8,413904
add,4999,0.2,1.0,zipf,0,0,own_sequential,,246445
remove,2,0.6000000000000001,0.0,zipf,0,0,own_mpi,8,124
remove,2,0.6000000000000001,0.0,zipf,0,0,own_sequential,,32
remove,17,0.4,1.0,zipf,0,0,own_mpi,8,176
remove,17,0.4,1.0,zipf,0,0,own_sequential,,36
remove,1940,0.4,1.0,zipf,0,0,own_mpi,8,154527
remove,1940,0.4,1.0,zipf,0,0,own_sequential,,40251
addremove,1940,0.6000000000000001,1.0,zipf,0,0,own_mpi,8,294332
addremove,1940,0.6000000000000001,1.0,zipf,0,0,own_sequential,,68329
remove,1940,0.2,0.0,zipf,0,0,own_mpi,8,68774
remove,1940,0.2,0.0,zipf,0,0,own_sequential,,86968
add,1,0.6000000000000001,0.5,zipf,0,0,own_mpi,8,107
add,1,0.6000000000000001,0.5,zipf,0,0,own_sequential,,28
add,4999,0.4,0.0,zipf,0,0,own_mpi,8,1119085
add,4999,0.4,0.0,zipf,0,0,own_sequential,,389957
add,17,0.2,0.5,zipf,0,0,own_mpi,8,294
add,17,0.2,0.5,zipf,0,0,own_sequential,,43
add,753,0.2,1.0,zipf,0,0,own_mpi,8,10526
add,753,0.2,1.0,zipf,0,0,own_sequential,,7490
addremove,6,0.2,1.0,zipf,0,0,own_mpi,8,121
addremove,6,0.2,1.0,zipf,0,0,own_sequential,,40
add,4999,1.0,0.5,zipf,0,0,own_mpi,8,5870874
add,4999,1.0,0.5,zipf,0,0,own_sequential,,1314558
addremove,1,0.2,0.0,zipf,0,0,own_mpi,8,131
addremove,1,0.2,0.0,zipf,0,0,own_sequential,,35
addremove,44,1.0,1.0,zipf,0,0,own_mpi,8,303
addremove,44,1.0,1.0,zipf,0,0,own_sequential,,68
remove,292,0.8,0.5,zipf,0,0,own_mpi,8,24292
remove,292,0.8,0.5,zipf,0,0,own_sequential,,2100
add,17,0.6000000000000001,1.0,zipf,0,0,own_mpi,8,253
add,17,0.6000000000000001,1.0,zipf,0,0,own_sequential,,121
remove,2,0.8,1.0,zipf,0,0,own_mpi,8,120
remove,2,0.8,1.0,zipf,0,0,own_sequential,,94
add,1,0.4,0.0,zipf,0,0,own_mpi,8,218
add,1,0.4,0.0,zipf,0,0,own_sequential,,29
add,2,0.4,1.0,zipf,0,0,own_mpi,8,130
add,2,0.4,1.0,zipf,0,0,own_sequential,,30
addremove,6,0.6000000000000001,1.0,zipf,0,0,own_mpi,8,179
addremove,6,0.6000000000000001,1.0,zipf,0,0,own_sequential,,30
remove,2,0.2,0.5,zipf,0,0,own_mpi,8,128
remove,2,0.2,0.5,zipf,0,0,own_sequential,,31
add,113,0.4,0.5,zipf,0,0,own_mpi,8,32397
add,113,0.4,0.5,zipf,0,0,own_sequential,,294
addremove,1940,0.6000000000000001,0.5,zipf,0,0,own_mpi,8,556852
addremove,1940,0.6000000000000001,0.5,zipf,0,0,own_sequential,,132205
remove,44,0.4,0.5,zipf,0,0,own_mpi,8,13520
remove,44,0.4,0.5,zipf,0,0,own_sequential,,67
add,292,0.4,0.5,zipf,0,0,own_mpi,8,48642
add,292,0.4,0.5,zipf,0,0,own_sequential,,7238
addremove,2,0.8,0.0,zipf,0,0,own_mpi,8,21865
addremove,2,0.8,0.0,zipf,0,0,own_sequential,,29
remove,1,1.0,1.0,zipf,0,0,own_mpi,8,209
remove,1,1.0,1.0,zipf,0,0,own_sequential,,42
addremove,2,0.8,1.0,zipf,0,0,own_mpi,8,260
addremove,2,0.8,1.0,zipf,0,0,own_sequential,,104
remove,1,0.8,0.5,zipf,0,0,own_mpi,8,121
remove,1,0.8,0.5,zipf,0,0,own_sequential,,28
independent,113,1.0,0.0,zipf,0,0,own_mpi,8,7850
independent,113,1.0,0.0,zipf,0,0,own_sequential,,1634
addremove,113,1.0,0.0,zipf,0,0,own_mpi,8,13960
addremove,113,1.0,0.0,zipf,0,0,own_sequential,,1242
addremove,113,0.8,1.0,zipf,0,0,own_mpi,8,7813
addremove,113,0.8,1.0,zipf,0,0,own_sequential,,898
addremove,1940,0.8,0.0,zipf,0,0,own_mpi,8,605527
addremove,1940,0.8,0.0,zipf,0,0,own_sequential,,133992
independent,17,1.0,0.0,zipf,0,0,own_mpi,8,416
independent,17,1.0,0.0,zipf,0,0,own_sequential,,64
remove,4999,0.4,0.0,zipf,0,0,own_mpi,8,1147871
remove,4999,0.4,0.0,zipf,0,0,own_sequential,,269635
remove,6,0.8,0.0,zipf,0,0,own_mpi,8,20002
remove,6,0.8,0.0,zipf,0,0,own_sequential,,59
add,17,0.8,0.5,zipf,0,0,own_mpi,8,10438
add,17,0.8,0.5,zipf,0,0,own_sequential,,73
add,44,0.6000000000000001,1.0,zipf,0,0,own_mpi,8,35987
add,44,0.6000000000000001,1.0,zipf,0,0,own_sequential,,117
addremove,1,0.2,0.5,zipf,0,0,own_mpi,8,165
addremove,1,0.2,0.5,zipf,0,0,own_sequential,,111
add,17,0.6000000000000001,0.0,zipf,0,0,own_mpi,8,32921
add,17,0.6000000000000001,0.0,zipf,0,0,own_sequential,,47
addremove,4999,0.6000000000000001,1.0,zipf,0,0,own_mpi,8,3473391
addremove,4999,0.6000000000000001,1.0,zipf,0,0,own_sequential,,732450
remove,4999,0.8,0.0,zipf,0,0,own_mpi,8,3467521
remove,4999,0.8,0.0,zipf,0,0,own_sequential,,580426
add,2,1.0,0.5,zipf,0,0,own_mpi,8,125
add,2,1.0,0.5,zipf,0,0,own_sequential,,33
add,6,0.4,0.0,zipf,0,0,own_mpi,8,136
add,6,0.4,0.0,zipf,0,0,own_sequential,,103
add,753,0.6000000000000001,1.0,zipf,0,0,own_mpi,8,107903
add,753,0.6000000000000001,1.0,zipf,0,0,own_sequential,,14158
remove,292,0.6000000000000001,0.0,zipf,0,0,own_mpi,8,9654
remove,292,0.6000000000000001,0.0,zipf,0,0,own_sequential,,1804
addremove,292,0.4,0.0,zipf,0,0,own_mpi,8,23421
addremove,292,0.4,0.0,zipf,0,0,own_sequential,,2708
add,1,0.2,0.5,zipf,0,0,own_mpi,8,160
add,1,0.2,0.5,zipf,0,0,own_sequential,,91
addremove,292,0.8,1.0,zipf,0,0,own_mpi,8,19562
addremove,292,0.8,1.0,zipf,0,0,own_sequential,,2622
remove,292,0.4,0.0,zipf,0,0,own_mpi,8,24898
remove,292,0.4,0.0,zipf,0,0,own_sequential,,1516
add,44,1.0,1.0,zipf,0,0,own_mpi,8,6885
add,44,1.0,1.0,zipf,0,0,own_sequential,,293
add,4999,0.6000000000000001,0.5,zipf,0,0,own_mpi,8,2237911
add,4999,0.6000000000000001,0.5,zipf,0,0,own_sequential,,630522
remove,2,0.4,0.0,zipf,0,0,own_mpi,8,134
remove,2,0.4,0.0,zipf,0,0,own_sequential,,31
add,44,0.6000000000000001,0.5,zipf,0,0,own_mpi,8,517
add,44,0.6000000000000001,0.5,zipf,0,0,own_sequential,,104
