generation_config_i,input_strategy,input_length_1,input_change_strength,input_chunkiness,input_distribution,regen_i,repetition_i,diff_program,mpi_procs,micros_until_len
115,add,753,0.4,0.0,zipf,0,0,own_mpi,8,26389
115,add,753,0.4,0.0,zipf,0,1,own_mpi,8,40802
115,add,753,0.4,0.0,zipf,0,0,own_sequential,,3016
115,add,753,0.4,0.0,zipf,0,1,own_sequential,,3377
115,add,753,0.4,0.0,zipf,0,0,diffutils,,884
115,add,753,0.4,0.0,zipf,0,1,diffutils,,979
44,independent,6,1.0,0.0,zipf,0,0,own_mpi,8,315
44,independent,6,1.0,0.0,zipf,0,1,own_mpi,8,162
44,independent,6,1.0,0.0,zipf,0,0,own_sequential,,27
44,independent,6,1.0,0.0,zipf,0,1,own_sequential,,25
44,independent,6,1.0,0.0,zipf,0,0,diffutils,,12
44,independent,6,1.0,0.0,zipf,0,1,diffutils,,11
116,remove,753,0.4,0.0,zipf,0,0,own_mpi,8,21216
116,remove,753,0.4,0.0,zipf,0,1,own_mpi,8,29950
116,remove,753,0.4,0.0,zipf,0,0,own_sequential,,2420
116,remove,753,0.4,0.0,zipf,0,1,own_sequential,,2780
116,remove,753,0.4,0.0,zipf,0,0,diffutils,,1052
116,remove,753,0.4,0.0,zipf,0,1,diffutils,,1253
154,remove,4999,0.8,0.0,zipf,0,0,own_mpi,8,1995383
154,remove,4999,0.8,0.0,zipf,0,1,own_mpi,8,1754078
154,remove,4999,0.8,0.0,zipf,0,0,own_sequential,,51966
154,remove,4999,0.8,0.0,zipf,0,1,own_sequential,,50993
154,remove,4999,0.8,0.0,zipf,0,0,diffutils,,45182
154,remove,4999,0.8,0.0,zipf,0,1,diffutils,,45042
76,independent,44,1.0,0.0,zipf,0,0,own_mpi,8,4140
76,independent,44,1.0,0.0,zipf,0,1,own_mpi,8,4197
76,independent,44,1.0,0.0,zipf,0,0,own_sequential,,54
76,independent,44,1.0,0.0,zipf,0,1,own_sequential,,51
76,independent,44,1.0,0.0,zipf,0,0,diffutils,,52
76,independent,44,1.0,0.0,zipf,0,1,diffutils,,49
137,add,1940,0.8,0.0,zipf,0,0,own_mpi,8,301772
137,add,1940,0.8,0.0,zipf,0,1,own_mpi,8,287193
137,add,1940,0.8,0.0,zipf,0,0,own_sequential,,27833
137,add,1940,0.8,0.0,zipf,0,1,own_sequential,,28436
137,add,1940,0.8,0.0,zipf,0,0,diffutils,,13255
137,add,1940,0.8,0.0,zipf,0,1,diffutils,,12705
91,addremove,113,0.8,0.0,zipf,0,0,own_mpi,8,2819
91,addremove,113,0.8,0.0,zipf,0,1,own_mpi,8,13022
91,addremove,113,0.8,0.0,zipf,0,0,own_sequential,,101
91,addremove,113,0.8,0.0,zipf,0,1,own_sequential,,99
91,addremove,113,0.8,0.0,zipf,0,0,diffutils,,102
91,addremove,113,0.8,0.0,zipf,0,1,diffutils,,102
139,addremove,1940,0.8,0.0,zipf,0,0,own_mpi,8,335884
139,addremove,1940,0.8,0.0,zipf,0,1,own_mpi,8,335048
139,addremove,1940,0.8,0.0,zipf,0,0,own_sequential,,19114
139,addremove,1940,0.8,0.0,zipf,0,1,own_sequential,,19731
139,addremove,1940,0.8,0.0,zipf,0,0,diffutils,,14625
139,addremove,1940,0.8,0.0,zipf,0,1,diffutils,,14670
4,remove,1,0.4,0.0,zipf,0,0,own_mpi,8,137
4,remove,1,0.4,0.0,zipf,0,1,own_mpi,8,232
4,remove,1,0.4,0.0,zipf,0,0,own_sequential,,150
4,remove,1,0.4,0.0,zipf,0,1,own_sequential,,128
4,remove,1,0.4,0.0,zipf,0,0,diffutils,,40
4,remove,1,0.4,0.0,zipf,0,1,diffutils,,46
81,remove,113,0.2,0.0,zipf,0,0,own_mpi,8,12047
81,remove,113,0.2,0.0,zipf,0,1,own_mpi,8,30430
81,remove,113,0.2,0.0,zipf,0,0,own_sequential,,100
81,remove,113,0.2,0.0,zipf,0,1,own_sequential,,84
81,remove,113,0.2,0.0,zipf,0,0,diffutils,,47
81,remove,113,0.2,0.0,zipf,0,1,diffutils,,62
111,addremove,292,1.0,0.0,zipf,0,0,own_mpi,8,40642
111,addremove,292,1.0,0.0,zipf,0,1,own_mpi,8,23568
111,addremove,292,1.0,0.0,zipf,0,0,own_sequential,,535
111,addremove,292,1.0,0.0,zipf,0,1,own_sequential,,584
111,addremove,292,1.0,0.0,zipf,0,0,diffutils,,546
111,addremove,292,1.0,0.0,zipf,0,1,diffutils,,561
156,independent,4999,1.0,0.0,zipf,0,0,own_mpi,8,8839435
156,independent,4999,1.0,0.0,zipf,0,1,own_mpi,8,10112564
156,independent,4999,1.0,0.0,zipf,0,0,own_sequential,,213704
156,independent,4999,1.0,0.0,zipf,0,1,own_sequential,,197290
156,independent,4999,1.0,0.0,zipf,0,0,diffutils,,245188
156,independent,4999,1.0,0.0,zipf,0,1,diffutils,,251193
77,add,44,1.0,0.0,zipf,0,0,own_mpi,8,551620
77,add,44,1.0,0.0,zipf,0,1,own_mpi,8,32734
77,add,44,1.0,0.0,zipf,0,0,own_sequential,,52
77,add,44,1.0,0.0,zipf,0,1,own_sequential,,58
77,add,44,1.0,0.0,zipf,0,0,diffutils,,39
77,add,44,1.0,0.0,zipf,0,1,diffutils,,36
29,add,2,1.0,0.0,zipf,0,0,own_mpi,8,117
29,add,2,1.0,0.0,zipf,0,1,own_mpi,8,165
29,add,2,1.0,0.0,zipf,0,0,own_sequential,,56
29,add,2,1.0,0.0,zipf,0,1,own_sequential,,66
29,add,2,1.0,0.0,zipf,0,0,diffutils,,29
29,add,2,1.0,0.0,zipf,0,1,diffutils,,77
67,add,44,0.4,0.0,zipf,0,0,own_mpi,8,25549
67,add,44,0.4,0.0,zipf,0,1,own_mpi,8,10782
67,add,44,0.4,0.0,zipf,0,0,own_sequential,,54
67,add,44,0.4,0.0,zipf,0,1,own_sequential,,51
67,add,44,0.4,0.0,zipf,0,0,diffutils,,34
67,add,44,0.4,0.0,zipf,0,1,diffutils,,34
124,independent,753,1.0,0.0,zipf,0,0,own_mpi,8,185109
124,independent,753,1.0,0.0,zipf,0,1,own_mpi,8,159739
124,independent,753,1.0,0.0,zipf,0,0,own_sequential,,4384
124,independent,753,1.0,0.0,zipf,0,1,own_sequential,,4592
124,independent,753,1.0,0.0,zipf,0,0,diffutils,,5581
124,independent,753,1.0,0.0,zipf,0,1,diffutils,,5812
27,addremove,2,0.8,0.0,zipf,0,0,own_mpi,8,150
27,addremove,2,0.8,0.0,zipf,0,1,own_mpi,8,215
27,addremove,2,0.8,0.0,zipf,0,0,own_sequential,,44
27,addremove,2,0.8,0.0,zipf,0,1,own_sequential,,49
27,addremove,2,0.8,0.0,zipf,0,0,diffutils,,22
27,addremove,2,0.8,0.0,zipf,0,1,diffutils,,19
96,add,292,0.2,0.0,zipf,0,0,own_mpi,8,30751
96,add,292,0.2,0.0,zipf,0,1,own_mpi,8,2132
96,add,292,0.2,0.0,zipf,0,0,own_sequential,,491
96,add,292,0.2,0.0,zipf,0,1,own_sequential,,479
96,add,292,0.2,0.0,zipf,0,0,diffutils,,134
96,add,292,0.2,0.0,zipf,0,1,diffutils,,153
122,remove,753,0.8,0.0,zipf,0,0,own_mpi,8,53231
122,remove,753,0.8,0.0,zipf,0,1,own_mpi,8,107073
122,remove,753,0.8,0.0,zipf,0,0,own_sequential,,6312
122,remove,753,0.8,0.0,zipf,0,1,own_sequential,,6340
122,remove,753,0.8,0.0,zipf,0,0,diffutils,,6445
122,remove,753,0.8,0.0,zipf,0,1,diffutils,,6387
3,add,1,0.4,0.0,zipf,0,0,own_mpi,8,110
3,add,1,0.4,0.0,zipf,0,1,own_mpi,8,112
3,add,1,0.4,0.0,zipf,0,0,own_sequential,,29
3,add,1,0.4,0.0,zipf,0,1,own_sequential,,30
3,add,1,0.4,0.0,zipf,0,0,diffutils,,13
3,add,1,0.4,0.0,zipf,0,1,diffutils,,14
62,remove,17,1.0,0.0,zipf,0,0,own_mpi,8,173412
62,remove,17,1.0,0.0,zipf,0,1,own_mpi,8,13459
62,remove,17,1.0,0.0,zipf,0,0,own_sequential,,38
62,remove,17,1.0,0.0,zipf,0,1,own_sequential,,39
62,remove,17,1.0,0.0,zipf,0,0,diffutils,,18
62,remove,17,1.0,0.0,zipf,0,1,diffutils,,17
70,add,44,0.6000000000000001,0.0,zipf,0,0,own_mpi,8,9500
70,add,44,0.6000000000000001,0.0,zipf,0,1,own_mpi,8,77142
70,add,44,0.6000000000000001,0.0,zipf,0,0,own_sequential,,45
70,add,44,0.6000000000000001,0.0,zipf,0,1,own_sequential,,43
70,add,44,0.6000000000000001,0.0,zipf,0,0,diffutils,,28
70,add,44,0.6000000000000001,0.0,zipf,0,1,diffutils,,27
113,remove,753,0.2,0.0,zipf,0,0,own_mpi,8,22235
113,remove,753,0.2,0.0,zipf,0,1,own_mpi,8,19479
113,remove,753,0.2,0.0,zipf,0,0,own_sequential,,2603
113,remove,753,0.2,0.0,zipf,0,1,own_sequential,,2277
113,remove,753,0.2,0.0,zipf,0,0,diffutils,,320
113,remove,753,0.2,0.0,zipf,0,1,diffutils,,428
92,independent,113,1.0,0.0,zipf,0,0,own_mpi,8,127206
92,independent,113,1.0,0.0,zipf,0,1,own_mpi,8,3378
92,independent,113,1.0,0.0,zipf,0,0,own_sequential,,167
92,independent,113,1.0,0.0,zipf,0,1,own_sequential,,187
92,independent,113,1.0,0.0,zipf,0,0,diffutils,,233
92,independent,113,1.0,0.0,zipf,0,1,diffutils,,230
159,addremove,4999,1.0,0.0,zipf,0,0,own_mpi,8,4605856
159,addremove,4999,1.0,0.0,zipf,0,1,own_mpi,8,5482817
159,addremove,4999,1.0,0.0,zipf,0,0,own_sequential,,126552
159,addremove,4999,1.0,0.0,zipf,0,1,own_sequential,,117175
159,addremove,4999,1.0,0.0,zipf,0,0,diffutils,,92205
159,addremove,4999,1.0,0.0,zipf,0,1,diffutils,,90805
100,remove,292,0.4,0.0,zipf,0,0,own_mpi,8,20422
100,remove,292,0.4,0.0,zipf,0,1,own_mpi,8,29986
100,remove,292,0.4,0.0,zipf,0,0,own_sequential,,215
100,remove,292,0.4,0.0,zipf,0,1,own_sequential,,209
100,remove,292,0.4,0.0,zipf,0,0,diffutils,,126
100,remove,292,0.4,0.0,zipf,0,1,diffutils,,126
74,remove,44,0.8,0.0,zipf,0,0,own_mpi,8,30237
74,remove,44,0.8,0.0,zipf,0,1,own_mpi,8,19889
74,remove,44,0.8,0.0,zipf,0,0,own_sequential,,67
74,remove,44,0.8,0.0,zipf,0,1,own_sequential,,64
74,remove,44,0.8,0.0,zipf,0,0,diffutils,,50
74,remove,44,0.8,0.0,zipf,0,1,diffutils,,51
37,addremove,6,0.4,0.0,zipf,0,0,own_mpi,8,212
37,addremove,6,0.4,0.0,zipf,0,1,own_mpi,8,142
37,addremove,6,0.4,0.0,zipf,0,0,own_sequential,,25
37,addremove,6,0.4,0.0,zipf,0,1,own_sequential,,22
37,addremove,6,0.4,0.0,zipf,0,0,diffutils,,16
37,addremove,6,0.4,0.0,zipf,0,1,diffutils,,11
48,add,17,0.2,0.0,zipf,0,0,own_mpi,8,146
48,add,17,0.2,0.0,zipf,0,1,own_mpi,8,177
48,add,17,0.2,0.0,zipf,0,0,own_sequential,,29
48,add,17,0.2,0.0,zipf,0,1,own_sequential,,28
48,add,17,0.2,0.0,zipf,0,0,diffutils,,14
48,add,17,0.2,0.0,zipf,0,1,diffutils,,12
52,remove,17,0.4,0.0,zipf,0,0,own_mpi,8,34425
52,remove,17,0.4,0.0,zipf,0,1,own_mpi,8,18560
52,remove,17,0.4,0.0,zipf,0,0,own_sequential,,50
52,remove,17,0.4,0.0,zipf,0,1,own_sequential,,57
52,remove,17,0.4,0.0,zipf,0,0,diffutils,,32
52,remove,17,0.4,0.0,zipf,0,1,diffutils,,40
46,remove,6,1.0,0.0,zipf,0,0,own_mpi,8,10969
46,remove,6,1.0,0.0,zipf,0,1,own_mpi,8,16485
46,remove,6,1.0,0.0,zipf,0,0,own_sequential,,41
46,remove,6,1.0,0.0,zipf,0,1,own_sequential,,44
46,remove,6,1.0,0.0,zipf,0,0,diffutils,,19
46,remove,6,1.0,0.0,zipf,0,1,diffutils,,22
51,add,17,0.4,0.0,zipf,0,0,own_mpi,8,317
51,add,17,0.4,0.0,zipf,0,1,own_mpi,8,193
51,add,17,0.4,0.0,zipf,0,0,own_sequential,,38
51,add,17,0.4,0.0,zipf,0,1,own_sequential,,36
51,add,17,0.4,0.0,zipf,0,0,diffutils,,23
51,add,17,0.4,0.0,zipf,0,1,diffutils,,27
104,addremove,292,0.6000000000000001,0.0,zipf,0,0,own_mpi,8,41869
104,addremove,292,0.6000000000000001,0.0,zipf,0,1,own_mpi,8,50212
104,addremove,292,0.6000000000000001,0.0,zipf,0,0,own_sequential,,1842
104,addremove,292,0.6000000000000001,0.0,zipf,0,1,own_sequential,,1843
104,addremove,292,0.6000000000000001,0.0,zipf,0,0,diffutils,,1727
104,addremove,292,0.6000000000000001,0.0,zipf,0,1,diffutils,,1803
78,remove,44,1.0,0.0,zipf,0,0,own_mpi,8,3501
78,remove,44,1.0,0.0,zipf,0,1,own_mpi,8,27715
78,remove,44,1.0,0.0,zipf,0,0,own_sequential,,148
78,remove,44,1.0,0.0,zipf,0,1,own_sequential,,150
78,remove,44,1.0,0.0,zipf,0,0,diffutils,,57
78,remove,44,1.0,0.0,zipf,0,1,diffutils,,59
15,addremove,1,1.0,0.0,zipf,0,0,own_mpi,8,228
15,addremove,1,1.0,0.0,zipf,0,1,own_mpi,8,144
15,addremove,1,1.0,0.0,zipf,0,0,own_sequential,,33
15,addremove,1,1.0,0.0,zipf,0,1,own_sequential,,31
15,addremove,1,1.0,0.0,zipf,0,0,diffutils,,14
15,addremove,1,1.0,0.0,zipf,0,1,diffutils,,13
155,addremove,4999,0.8,0.0,zipf,0,0,own_mpi,8,2263651
155,addremove,4999,0.8,0.0,zipf,0,1,own_mpi,8,2176608
155,addremove,4999,0.8,0.0,zipf,0,0,own_sequential,,128852
155,addremove,4999,0.8,0.0,zipf,0,1,own_sequential,,103958
155,addremove,4999,0.8,0.0,zipf,0,0,diffutils,,75282
155,addremove,4999,0.8,0.0,zipf,0,1,diffutils,,76422
41,add,6,0.8,0.0,zipf,0,0,own_mpi,8,6479
41,add,6,0.8,0.0,zipf,0,1,own_mpi,8,170
41,add,6,0.8,0.0,zipf,0,0,own_sequential,,27
41,add,6,0.8,0.0,zipf,0,1,own_sequential,,24
41,add,6,0.8,0.0,zipf,0,0,diffutils,,12
41,add,6,0.8,0.0,zipf,0,1,diffutils,,12
69,addremove,44,0.4,0.0,zipf,0,0,own_mpi,8,14948
69,addremove,44,0.4,0.0,zipf,0,1,own_mpi,8,26312
69,addremove,44,0.4,0.0,zipf,0,0,own_sequential,,59
69,addremove,44,0.4,0.0,zipf,0,1,own_sequential,,66
69,addremove,44,0.4,0.0,zipf,0,0,diffutils,,45
69,addremove,44,0.4,0.0,zipf,0,1,diffutils,,46
97,remove,292,0.2,0.0,zipf,0,0,own_mpi,8,23486
97,remove,292,0.2,0.0,zipf,0,1,own_mpi,8,10267
97,remove,292,0.2,0.0,zipf,0,0,own_sequential,,521
97,remove,292,0.2,0.0,zipf,0,1,own_sequential,,587
97,remove,292,0.2,0.0,zipf,0,0,diffutils,,365
97,remove,292,0.2,0.0,zipf,0,1,diffutils,,267
21,addremove,2,0.4,0.0,zipf,0,0,own_mpi,8,168
21,addremove,2,0.4,0.0,zipf,0,1,own_mpi,8,133
21,addremove,2,0.4,0.0,zipf,0,0,own_sequential,,142
21,addremove,2,0.4,0.0,zipf,0,1,own_sequential,,93
21,addremove,2,0.4,0.0,zipf,0,0,diffutils,,43
21,addremove,2,0.4,0.0,zipf,0,1,diffutils,,49
147,add,4999,0.4,0.0,zipf,0,0,own_mpi,8,548932
147,add,4999,0.4,0.0,zipf,0,1,own_mpi,8,657517
147,add,4999,0.4,0.0,zipf,0,0,own_sequential,,100373
147,add,4999,0.4,0.0,zipf,0,1,own_sequential,,96441
147,add,4999,0.4,0.0,zipf,0,0,diffutils,,17051
147,add,4999,0.4,0.0,zipf,0,1,diffutils,,17512
80,add,113,0.2,0.0,zipf,0,0,own_mpi,8,14792
80,add,113,0.2,0.0,zipf,0,1,own_mpi,8,28969
80,add,113,0.2,0.0,zipf,0,0,own_sequential,,83
80,add,113,0.2,0.0,zipf,0,1,own_sequential,,79
80,add,113,0.2,0.0,zipf,0,0,diffutils,,38
80,add,113,0.2,0.0,zipf,0,1,diffutils,,37
126,remove,753,1.0,0.0,zipf,0,0,own_mpi,8,90948
126,remove,753,1.0,0.0,zipf,0,1,own_mpi,8,84665
126,remove,753,1.0,0.0,zipf,0,0,own_sequential,,1586
126,remove,753,1.0,0.0,zipf,0,1,own_sequential,,1555
126,remove,753,1.0,0.0,zipf,0,0,diffutils,,76
126,remove,753,1.0,0.0,zipf,0,1,diffutils,,70
61,add,17,1.0,0.0,zipf,0,0,own_mpi,8,12338
61,add,17,1.0,0.0,zipf,0,1,own_mpi,8,29229
61,add,17,1.0,0.0,zipf,0,0,own_sequential,,37
61,add,17,1.0,0.0,zipf,0,1,own_sequential,,41
61,add,17,1.0,0.0,zipf,0,0,diffutils,,25
61,add,17,1.0,0.0,zipf,0,1,diffutils,,25
17,remove,2,0.2,0.0,zipf,0,0,own_mpi,8,160
17,remove,2,0.2,0.0,zipf,0,1,own_mpi,8,112
17,remove,2,0.2,0.0,zipf,0,0,own_sequential,,25
17,remove,2,0.2,0.0,zipf,0,1,own_sequential,,23
17,remove,2,0.2,0.0,zipf,0,0,diffutils,,10
17,remove,2,0.2,0.0,zipf,0,1,diffutils,,9
90,remove,113,0.8,0.0,zipf,0,0,own_mpi,8,30875
90,remove,113,0.8,0.0,zipf,0,1,own_mpi,8,21670
90,remove,113,0.8,0.0,zipf,0,0,own_sequential,,107
90,remove,113,0.8,0.0,zipf,0,1,own_sequential,,151
90,remove,113,0.8,0.0,zipf,0,0,diffutils,,140
90,remove,113,0.8,0.0,zipf,0,1,diffutils,,142
121,add,753,0.8,0.0,zipf,0,0,own_mpi,8,59697
121,add,753,0.8,0.0,zipf,0,1,own_mpi,8,83721
121,add,753,0.8,0.0,zipf,0,0,own_sequential,,4377
121,add,753,0.8,0.0,zipf,0,1,own_sequential,,4406
121,add,753,0.8,0.0,zipf,0,0,diffutils,,2080
121,add,753,0.8,0.0,zipf,0,1,diffutils,,2072
23,remove,2,0.6000000000000001,0.0,zipf,0,0,own_mpi,8,149
23,remove,2,0.6000000000000001,0.0,zipf,0,1,own_mpi,8,112
23,remove,2,0.6000000000000001,0.0,zipf,0,0,own_sequential,,24
23,remove,2,0.6000000000000001,0.0,zipf,0,1,own_sequential,,21
23,remove,2,0.6000000000000001,0.0,zipf,0,0,diffutils,,10
23,remove,2,0.6000000000000001,0.0,zipf,0,1,diffutils,,9
149,addremove,4999,0.4,0.0,zipf,0,0,own_mpi,8,935772
149,addremove,4999,0.4,0.0,zipf,0,1,own_mpi,8,1061403
149,addremove,4999,0.4,0.0,zipf,0,0,own_sequential,,87342
149,addremove,4999,0.4,0.0,zipf,0,1,own_sequential,,78117
149,addremove,4999,0.4,0.0,zipf,0,0,diffutils,,29763
149,addremove,4999,0.4,0.0,zipf,0,1,diffutils,,29816
117,addremove,753,0.4,0.0,zipf,0,0,own_mpi,8,26243
117,addremove,753,0.4,0.0,zipf,0,1,own_mpi,8,31285
117,addremove,753,0.4,0.0,zipf,0,0,own_sequential,,2038
117,addremove,753,0.4,0.0,zipf,0,1,own_sequential,,2096
117,addremove,753,0.4,0.0,zipf,0,0,diffutils,,1126
117,addremove,753,0.4,0.0,zipf,0,1,diffutils,,1142
148,remove,4999,0.4,0.0,zipf,0,0,own_mpi,8,487383
148,remove,4999,0.4,0.0,zipf,0,1,own_mpi,8,483836
148,remove,4999,0.4,0.0,zipf,0,0,own_sequential,,54950
148,remove,4999,0.4,0.0,zipf,0,1,own_sequential,,52939
148,remove,4999,0.4,0.0,zipf,0,0,diffutils,,14067
148,remove,4999,0.4,0.0,zipf,0,1,diffutils,,13940
45,add,6,1.0,0.0,zipf,0,0,own_mpi,8,186091
45,add,6,1.0,0.0,zipf,0,1,own_mpi,8,12889
45,add,6,1.0,0.0,zipf,0,0,own_sequential,,30
45,add,6,1.0,0.0,zipf,0,1,own_sequential,,23
45,add,6,1.0,0.0,zipf,0,0,diffutils,,17
45,add,6,1.0,0.0,zipf,0,1,diffutils,,12
60,independent,17,1.0,0.0,zipf,0,0,own_mpi,8,256306
60,independent,17,1.0,0.0,zipf,0,1,own_mpi,8,152111
60,independent,17,1.0,0.0,zipf,0,0,own_sequential,,28
60,independent,17,1.0,0.0,zipf,0,1,own_sequential,,26
60,independent,17,1.0,0.0,zipf,0,0,diffutils,,21
60,independent,17,1.0,0.0,zipf,0,1,diffutils,,26
85,addremove,113,0.4,0.0,zipf,0,0,own_mpi,8,1100146
85,addremove,113,0.4,0.0,zipf,0,1,own_mpi,8,874110
85,addremove,113,0.4,0.0,zipf,0,0,own_sequential,,76
85,addremove,113,0.4,0.0,zipf,0,1,own_sequential,,71
85,addremove,113,0.4,0.0,zipf,0,0,diffutils,,52
85,addremove,113,0.4,0.0,zipf,0,1,diffutils,,50
120,addremove,753,0.6000000000000001,0.0,zipf,0,0,own_mpi,8,209043
120,addremove,753,0.6000000000000001,0.0,zipf,0,1,own_mpi,8,39371
120,addremove,753,0.6000000000000001,0.0,zipf,0,0,own_sequential,,2700
120,addremove,753,0.6000000000000001,0.0,zipf,0,1,own_sequential,,2947
120,addremove,753,0.6000000000000001,0.0,zipf,0,0,diffutils,,2185
120,addremove,753,0.6000000000000001,0.0,zipf,0,1,diffutils,,2161
136,addremove,1940,0.6000000000000001,0.0,zipf,0,0,own_mpi,8,408318
136,addremove,1940,0.6000000000000001,0.0,zipf,0,1,own_mpi,8,398995
136,addremove,1940,0.6000000000000001,0.0,zipf,0,0,own_sequential,,14079
136,addremove,1940,0.6000000000000001,0.0,zipf,0,1,own_sequential,,14242
136,addremove,1940,0.6000000000000001,0.0,zipf,0,0,diffutils,,7941
136,addremove,1940,0.6000000000000001,0.0,zipf,0,1,diffutils,,7948
25,add,2,0.8,0.0,zipf,0,0,own_mpi,8,195
25,add,2,0.8,0.0,zipf,0,1,own_mpi,8,2493
25,add,2,0.8,0.0,zipf,0,0,own_sequential,,38
25,add,2,0.8,0.0,zipf,0,1,own_sequential,,39
25,add,2,0.8,0.0,zipf,0,0,diffutils,,10
25,add,2,0.8,0.0,zipf,0,1,diffutils,,11
65,remove,44,0.2,0.0,zipf,0,0,own_mpi,8,83789
65,remove,44,0.2,0.0,zipf,0,1,own_mpi,8,74021
65,remove,44,0.2,0.0,zipf,0,0,own_sequential,,34
65,remove,44,0.2,0.0,zipf,0,1,own_sequential,,43
65,remove,44,0.2,0.0,zipf,0,0,diffutils,,18
65,remove,44,0.2,0.0,zipf,0,1,diffutils,,16
128,add,1940,0.2,0.0,zipf,0,0,own_mpi,8,2665827
128,add,1940,0.2,0.0,zipf,0,1,own_mpi,8,56078
128,add,1940,0.2,0.0,zipf,0,0,own_sequential,,13838
128,add,1940,0.2,0.0,zipf,0,1,own_sequential,,14106
128,add,1940,0.2,0.0,zipf,0,0,diffutils,,1230
128,add,1940,0.2,0.0,zipf,0,1,diffutils,,1213
151,remove,4999,0.6000000000000001,0.0,zipf,0,0,own_mpi,8,1078980
151,remove,4999,0.6000000000000001,0.0,zipf,0,1,own_mpi,8,4367222
151,remove,4999,0.6000000000000001,0.0,zipf,0,0,own_sequential,,51873
151,remove,4999,0.6000000000000001,0.0,zipf,0,1,own_sequential,,51243
151,remove,4999,0.6000000000000001,0.0,zipf,0,0,diffutils,,29744
151,remove,4999,0.6000000000000001,0.0,zipf,0,1,diffutils,,30052
86,add,113,0.6000000000000001,0.0,zipf,0,0,own_mpi,8,4605
86,add,113,0.6000000000000001,0.0,zipf,0,1,own_mpi,8,4749
86,add,113,0.6000000000000001,0.0,zipf,0,0,own_sequential,,146
86,add,113,0.6000000000000001,0.0,zipf,0,1,own_sequential,,144
86,add,113,0.6000000000000001,0.0,zipf,0,0,diffutils,,101
86,add,113,0.6000000000000001,0.0,zipf,0,1,diffutils,,100
133,addremove,1940,0.4,0.0,zipf,0,0,own_mpi,8,182756
133,addremove,1940,0.4,0.0,zipf,0,1,own_mpi,8,235801
133,addremove,1940,0.4,0.0,zipf,0,0,own_sequential,,12218
133,addremove,1940,0.4,0.0,zipf,0,1,own_sequential,,12552
133,addremove,1940,0.4,0.0,zipf,0,0,diffutils,,5146
133,addremove,1940,0.4,0.0,zipf,0,1,diffutils,,5137
73,add,44,0.8,0.0,zipf,0,0,own_mpi,8,459
73,add,44,0.8,0.0,zipf,0,1,own_mpi,8,8725
73,add,44,0.8,0.0,zipf,0,0,own_sequential,,73
73,add,44,0.8,0.0,zipf,0,1,own_sequential,,76
73,add,44,0.8,0.0,zipf,0,0,diffutils,,56
73,add,44,0.8,0.0,zipf,0,1,diffutils,,54
58,remove,17,0.8,0.0,zipf,0,0,own_mpi,8,3164
58,remove,17,0.8,0.0,zipf,0,1,own_mpi,8,7238
58,remove,17,0.8,0.0,zipf,0,0,own_sequential,,124
58,remove,17,0.8,0.0,zipf,0,1,own_sequential,,115
58,remove,17,0.8,0.0,zipf,0,0,diffutils,,64
58,remove,17,0.8,0.0,zipf,0,1,diffutils,,69
144,add,4999,0.2,0.0,zipf,0,0,own_mpi,8,287533
144,add,4999,0.2,0.0,zipf,0,1,own_mpi,8,244308
144,add,4999,0.2,0.0,zipf,0,0,own_sequential,,78505
144,add,4999,0.2,0.0,zipf,0,1,own_sequential,,76001
144,add,4999,0.2,0.0,zipf,0,0,diffutils,,4998
144,add,4999,0.2,0.0,zipf,0,1,diffutils,,5276
5,addremove,1,0.4,0.0,zipf,0,0,own_mpi,8,131
5,addremove,1,0.4,0.0,zipf,0,1,own_mpi,8,112
5,addremove,1,0.4,0.0,zipf,0,0,own_sequential,,133
5,addremove,1,0.4,0.0,zipf,0,1,own_sequential,,150
5,addremove,1,0.4,0.0,zipf,0,0,diffutils,,52
5,addremove,1,0.4,0.0,zipf,0,1,diffutils,,33
59,addremove,17,0.8,0.0,zipf,0,0,own_mpi,8,252
59,addremove,17,0.8,0.0,zipf,0,1,own_mpi,8,99745
59,addremove,17,0.8,0.0,zipf,0,0,own_sequential,,26
59,addremove,17,0.8,0.0,zipf,0,1,own_sequential,,25
59,addremove,17,0.8,0.0,zipf,0,0,diffutils,,17
59,addremove,17,0.8,0.0,zipf,0,1,diffutils,,15
87,remove,113,0.6000000000000001,0.0,zipf,0,0,own_mpi,8,809201
87,remove,113,0.6000000000000001,0.0,zipf,0,1,own_mpi,8,745847
87,remove,113,0.6000000000000001,0.0,zipf,0,0,own_sequential,,84
87,remove,113,0.6000000000000001,0.0,zipf,0,1,own_sequential,,84
87,remove,113,0.6000000000000001,0.0,zipf,0,0,diffutils,,68
87,remove,113,0.6000000000000001,0.0,zipf,0,1,diffutils,,66
114,addremove,753,0.2,0.0,zipf,0,0,own_mpi,8,1900237
114,addremove,753,0.2,0.0,zipf,0,1,own_mpi,8,41353
114,addremove,753,0.2,0.0,zipf,0,0,own_sequential,,2399
114,addremove,753,0.2,0.0,zipf,0,1,own_sequential,,2732
114,addremove,753,0.2,0.0,zipf,0,0,diffutils,,737
114,addremove,753,0.2,0.0,zipf,0,1,diffutils,,854
146,addremove,4999,0.2,0.0,zipf,0,0,own_mpi,8,394515
146,addremove,4999,0.2,0.0,zipf,0,1,own_mpi,8,380994
146,addremove,4999,0.2,0.0,zipf,0,0,own_sequential,,68298
146,addremove,4999,0.2,0.0,zipf,0,1,own_sequential,,65550
146,addremove,4999,0.2,0.0,zipf,0,0,diffutils,,11417
146,addremove,4999,0.2,0.0,zipf,0,1,diffutils,,11510
26,remove,2,0.8,0.0,zipf,0,0,own_mpi,8,140
26,remove,2,0.8,0.0,zipf,0,1,own_mpi,8,109
26,remove,2,0.8,0.0,zipf,0,0,own_sequential,,24
26,remove,2,0.8,0.0,zipf,0,1,own_sequential,,22
26,remove,2,0.8,0.0,zipf,0,0,diffutils,,11
26,remove,2,0.8,0.0,zipf,0,1,diffutils,,10
157,add,4999,1.0,0.0,zipf,0,0,own_mpi,8,3025334
157,add,4999,1.0,0.0,zipf,0,1,own_mpi,8,3212790
157,add,4999,1.0,0.0,zipf,0,0,own_sequential,,220256
157,add,4999,1.0,0.0,zipf,0,1,own_sequential,,215638
157,add,4999,1.0,0.0,zipf,0,0,diffutils,,113613
157,add,4999,1.0,0.0,zipf,0,1,diffutils,,113673
129,remove,1940,0.2,0.0,zipf,0,0,own_mpi,8,32554
129,remove,1940,0.2,0.0,zipf,0,1,own_mpi,8,35937
129,remove,1940,0.2,0.0,zipf,0,0,own_sequential,,9088
129,remove,1940,0.2,0.0,zipf,0,1,own_sequential,,9056
129,remove,1940,0.2,0.0,zipf,0,0,diffutils,,969
129,remove,1940,0.2,0.0,zipf,0,1,diffutils,,957
54,add,17,0.6000000000000001,0.0,zipf,0,0,own_mpi,8,226
54,add,17,0.6000000000000001,0.0,zipf,0,1,own_mpi,8,18674
54,add,17,0.6000000000000001,0.0,zipf,0,0,own_sequential,,38
54,add,17,0.6000000000000001,0.0,zipf,0,1,own_sequential,,35
54,add,17,0.6000000000000001,0.0,zipf,0,0,diffutils,,19
54,add,17,0.6000000000000001,0.0,zipf,0,1,diffutils,,19
153,add,4999,0.8,0.0,zipf,0,0,own_mpi,8,4063374
153,add,4999,0.8,0.0,zipf,0,1,own_mpi,8,1938045
153,add,4999,0.8,0.0,zipf,0,0,own_sequential,,265830
153,add,4999,0.8,0.0,zipf,0,1,own_sequential,,168851
153,add,4999,0.8,0.0,zipf,0,0,diffutils,,70990
153,add,4999,0.8,0.0,zipf,0,1,diffutils,,71546
84,remove,113,0.4,0.0,zipf,0,0,own_mpi,8,26810
84,remove,113,0.4,0.0,zipf,0,1,own_mpi,8,9734
84,remove,113,0.4,0.0,zipf,0,0,own_sequential,,178
84,remove,113,0.4,0.0,zipf,0,1,own_sequential,,177
84,remove,113,0.4,0.0,zipf,0,0,diffutils,,126
84,remove,113,0.4,0.0,zipf,0,1,diffutils,,125
123,addremove,753,0.8,0.0,zipf,0,0,own_mpi,8,55173
123,addremove,753,0.8,0.0,zipf,0,1,own_mpi,8,56077
123,addremove,753,0.8,0.0,zipf,0,0,own_sequential,,12829
123,addremove,753,0.8,0.0,zipf,0,1,own_sequential,,14166
123,addremove,753,0.8,0.0,zipf,0,0,diffutils,,11437
123,addremove,753,0.8,0.0,zipf,0,1,diffutils,,10481
49,remove,17,0.2,0.0,zipf,0,0,own_mpi,8,12437
49,remove,17,0.2,0.0,zipf,0,1,own_mpi,8,187
49,remove,17,0.2,0.0,zipf,0,0,own_sequential,,61
49,remove,17,0.2,0.0,zipf,0,1,own_sequential,,70
49,remove,17,0.2,0.0,zipf,0,0,diffutils,,37
49,remove,17,0.2,0.0,zipf,0,1,diffutils,,42
93,add,113,1.0,0.0,zipf,0,0,own_mpi,8,20256
93,add,113,1.0,0.0,zipf,0,1,own_mpi,8,12916
93,add,113,1.0,0.0,zipf,0,0,own_sequential,,164
93,add,113,1.0,0.0,zipf,0,1,own_sequential,,168
93,add,113,1.0,0.0,zipf,0,0,diffutils,,131
93,add,113,1.0,0.0,zipf,0,1,diffutils,,129
103,remove,292,0.6000000000000001,0.0,zipf,0,0,own_mpi,8,30418
103,remove,292,0.6000000000000001,0.0,zipf,0,1,own_mpi,8,60175
103,remove,292,0.6000000000000001,0.0,zipf,0,0,own_sequential,,237
103,remove,292,0.6000000000000001,0.0,zipf,0,1,own_sequential,,250
103,remove,292,0.6000000000000001,0.0,zipf,0,0,diffutils,,233
103,remove,292,0.6000000000000001,0.0,zipf,0,1,diffutils,,243
141,add,1940,1.0,0.0,zipf,0,0,own_mpi,8,590354
141,add,1940,1.0,0.0,zipf,0,1,own_mpi,8,553611
141,add,1940,1.0,0.0,zipf,0,0,own_sequential,,40088
141,add,1940,1.0,0.0,zipf,0,1,own_sequential,,40388
141,add,1940,1.0,0.0,zipf,0,0,diffutils,,20152
141,add,1940,1.0,0.0,zipf,0,1,diffutils,,17022
34,addremove,6,0.2,0.0,zipf,0,0,own_mpi,8,112
34,addremove,6,0.2,0.0,zipf,0,1,own_mpi,8,166
34,addremove,6,0.2,0.0,zipf,0,0,own_sequential,,48
34,addremove,6,0.2,0.0,zipf,0,1,own_sequential,,44
34,addremove,6,0.2,0.0,zipf,0,0,diffutils,,22
34,addremove,6,0.2,0.0,zipf,0,1,diffutils,,20
108,independent,292,1.0,0.0,zipf,0,0,own_mpi,8,26055
108,independent,292,1.0,0.0,zipf,0,1,own_mpi,8,38372
108,independent,292,1.0,0.0,zipf,0,0,own_sequential,,767
108,independent,292,1.0,0.0,zipf,0,1,own_sequential,,855
108,independent,292,1.0,0.0,zipf,0,0,diffutils,,1078
108,independent,292,1.0,0.0,zipf,0,1,diffutils,,1080
28,independent,2,1.0,0.0,zipf,0,0,own_mpi,8,201
28,independent,2,1.0,0.0,zipf,0,1,own_mpi,8,139
28,independent,2,1.0,0.0,zipf,0,0,own_sequential,,34
28,independent,2,1.0,0.0,zipf,0,1,own_sequential,,32
28,independent,2,1.0,0.0,zipf,0,0,diffutils,,16
28,independent,2,1.0,0.0,zipf,0,1,diffutils,,15
19,add,2,0.4,0.0,zipf,0,0,own_mpi,8,106
19,add,2,0.4,0.0,zipf,0,1,own_mpi,8,126
19,add,2,0.4,0.0,zipf,0,0,own_sequential,,33
19,add,2,0.4,0.0,zipf,0,1,own_sequential,,30
19,add,2,0.4,0.0,zipf,0,0,diffutils,,13
19,add,2,0.4,0.0,zipf,0,1,diffutils,,12
64,add,44,0.2,0.0,zipf,0,0,own_mpi,8,893
64,add,44,0.2,0.0,zipf,0,1,own_mpi,8,17305
64,add,44,0.2,0.0,zipf,0,0,own_sequential,,42
64,add,44,0.2,0.0,zipf,0,1,own_sequential,,39
64,add,44,0.2,0.0,zipf,0,0,diffutils,,23
64,add,44,0.2,0.0,zipf,0,1,diffutils,,20
132,remove,1940,0.4,0.0,zipf,0,0,own_mpi,8,85822
132,remove,1940,0.4,0.0,zipf,0,1,own_mpi,8,85163
132,remove,1940,0.4,0.0,zipf,0,0,own_sequential,,36448
132,remove,1940,0.4,0.0,zipf,0,1,own_sequential,,19697
132,remove,1940,0.4,0.0,zipf,0,0,diffutils,,3993
132,remove,1940,0.4,0.0,zipf,0,1,diffutils,,3395
24,addremove,2,0.6000000000000001,0.0,zipf,0,0,own_mpi,8,117
24,addremove,2,0.6000000000000001,0.0,zipf,0,1,own_mpi,8,157
24,addremove,2,0.6000000000000001,0.0,zipf,0,0,own_sequential,,29
24,addremove,2,0.6000000000000001,0.0,zipf,0,1,own_sequential,,26
24,addremove,2,0.6000000000000001,0.0,zipf,0,0,diffutils,,12
24,addremove,2,0.6000000000000001,0.0,zipf,0,1,diffutils,,11
2,addremove,1,0.2,0.0,zipf,0,0,own_mpi,8,203
2,addremove,1,0.2,0.0,zipf,0,1,own_mpi,8,100
2,addremove,1,0.2,0.0,zipf,0,0,own_sequential,,38
2,addremove,1,0.2,0.0,zipf,0,1,own_sequential,,22
2,addremove,1,0.2,0.0,zipf,0,0,diffutils,,11
2,addremove,1,0.2,0.0,zipf,0,1,diffutils,,9
158,remove,4999,1.0,0.0,zipf,0,0,own_mpi,8,3012654
158,remove,4999,1.0,0.0,zipf,0,1,own_mpi,8,2828145
158,remove,4999,1.0,0.0,zipf,0,0,own_sequential,,58845
158,remove,4999,1.0,0.0,zipf,0,1,own_sequential,,66313
158,remove,4999,1.0,0.0,zipf,0,0,diffutils,,402
158,remove,4999,1.0,0.0,zipf,0,1,diffutils,,401
72,addremove,44,0.6000000000000001,0.0,zipf,0,0,own_mpi,8,717
72,addremove,44,0.6000000000000001,0.0,zipf,0,1,own_mpi,8,33206
72,addremove,44,0.6000000000000001,0.0,zipf,0,0,own_sequential,,75
72,addremove,44,0.6000000000000001,0.0,zipf,0,1,own_sequential,,72
72,addremove,44,0.6000000000000001,0.0,zipf,0,0,diffutils,,52
72,addremove,44,0.6000000000000001,0.0,zipf,0,1,diffutils,,60
75,addremove,44,0.8,0.0,zipf,0,0,own_mpi,8,42451
75,addremove,44,0.8,0.0,zipf,0,1,own_mpi,8,551
75,addremove,44,0.8,0.0,zipf,0,0,own_sequential,,77
75,addremove,44,0.8,0.0,zipf,0,1,own_sequential,,93
75,addremove,44,0.8,0.0,zipf,0,0,diffutils,,78
75,addremove,44,0.8,0.0,zipf,0,1,diffutils,,90
66,addremove,44,0.2,0.0,zipf,0,0,own_mpi,8,26214
66,addremove,44,0.2,0.0,zipf,0,1,own_mpi,8,31874
66,addremove,44,0.2,0.0,zipf,0,0,own_sequential,,50
66,addremove,44,0.2,0.0,zipf,0,1,own_sequential,,53
66,addremove,44,0.2,0.0,zipf,0,0,diffutils,,36
66,addremove,44,0.2,0.0,zipf,0,1,diffutils,,32
10,remove,1,0.8,0.0,zipf,0,0,own_mpi,8,284
10,remove,1,0.8,0.0,zipf,0,1,own_mpi,8,122
10,remove,1,0.8,0.0,zipf,0,0,own_sequential,,24
10,remove,1,0.8,0.0,zipf,0,1,own_sequential,,18
10,remove,1,0.8,0.0,zipf,0,0,diffutils,,9
10,remove,1,0.8,0.0,zipf,0,1,diffutils,,9
140,independent,1940,1.0,0.0,zipf,0,0,own_mpi,8,1127510
140,independent,1940,1.0,0.0,zipf,0,1,own_mpi,8,1066130
140,independent,1940,1.0,0.0,zipf,0,0,own_sequential,,35138
140,independent,1940,1.0,0.0,zipf,0,1,own_sequential,,36569
140,independent,1940,1.0,0.0,zipf,0,0,diffutils,,48112
140,independent,1940,1.0,0.0,zipf,0,1,diffutils,,37227
99,add,292,0.4,0.0,zipf,0,0,own_mpi,8,2323
99,add,292,0.4,0.0,zipf,0,1,own_mpi,8,5125
99,add,292,0.4,0.0,zipf,0,0,own_sequential,,478
99,add,292,0.4,0.0,zipf,0,1,own_sequential,,470
99,add,292,0.4,0.0,zipf,0,0,diffutils,,182
99,add,292,0.4,0.0,zipf,0,1,diffutils,,198
22,add,2,0.6000000000000001,0.0,zipf,0,0,own_mpi,8,141
22,add,2,0.6000000000000001,0.0,zipf,0,1,own_mpi,8,176
22,add,2,0.6000000000000001,0.0,zipf,0,0,own_sequential,,25
22,add,2,0.6000000000000001,0.0,zipf,0,1,own_sequential,,23
22,add,2,0.6000000000000001,0.0,zipf,0,0,diffutils,,11
22,add,2,0.6000000000000001,0.0,zipf,0,1,diffutils,,10
134,add,1940,0.6000000000000001,0.0,zipf,0,0,own_mpi,8,196102
134,add,1940,0.6000000000000001,0.0,zipf,0,1,own_mpi,8,176448
134,add,1940,0.6000000000000001,0.0,zipf,0,0,own_sequential,,20761
134,add,1940,0.6000000000000001,0.0,zipf,0,1,own_sequential,,20484
134,add,1940,0.6000000000000001,0.0,zipf,0,0,diffutils,,6322
134,add,1940,0.6000000000000001,0.0,zipf,0,1,diffutils,,6389
89,add,113,0.8,0.0,zipf,0,0,own_mpi,8,13897
89,add,113,0.8,0.0,zipf,0,1,own_mpi,8,14433
89,add,113,0.8,0.0,zipf,0,0,own_sequential,,423
89,add,113,0.8,0.0,zipf,0,1,own_sequential,,610
89,add,113,0.8,0.0,zipf,0,0,diffutils,,471
89,add,113,0.8,0.0,zipf,0,1,diffutils,,521
31,addremove,2,1.0,0.0,zipf,0,0,own_mpi,8,216
31,addremove,2,1.0,0.0,zipf,0,1,own_mpi,8,117
31,addremove,2,1.0,0.0,zipf,0,0,own_sequential,,55
31,addremove,2,1.0,0.0,zipf,0,1,own_sequential,,34
31,addremove,2,1.0,0.0,zipf,0,0,diffutils,,17
31,addremove,2,1.0,0.0,zipf,0,1,diffutils,,30
131,add,1940,0.4,0.0,zipf,0,0,own_mpi,8,92559
131,add,1940,0.4,0.0,zipf,0,1,own_mpi,8,90569
131,add,1940,0.4,0.0,zipf,0,0,own_sequential,,17826
131,add,1940,0.4,0.0,zipf,0,1,own_sequential,,18494
131,add,1940,0.4,0.0,zipf,0,0,diffutils,,4160
131,add,1940,0.4,0.0,zipf,0,1,diffutils,,4125
79,addremove,44,1.0,0.0,zipf,0,0,own_mpi,8,9990
79,addremove,44,1.0,0.0,zipf,0,1,own_mpi,8,15536
79,addremove,44,1.0,0.0,zipf,0,0,own_sequential,,260
79,addremove,44,1.0,0.0,zipf,0,1,own_sequential,,182
79,addremove,44,1.0,0.0,zipf,0,0,diffutils,,202
79,addremove,44,1.0,0.0,zipf,0,1,diffutils,,152
16,add,2,0.2,0.0,zipf,0,0,own_mpi,8,204
16,add,2,0.2,0.0,zipf,0,1,own_mpi,8,240
16,add,2,0.2,0.0,zipf,0,0,own_sequential,,41
16,add,2,0.2,0.0,zipf,0,1,own_sequential,,37
16,add,2,0.2,0.0,zipf,0,0,diffutils,,17
16,add,2,0.2,0.0,zipf,0,1,diffutils,,18
88,addremove,113,0.6000000000000001,0.0,zipf,0,0,own_mpi,8,9335
88,addremove,113,0.6000000000000001,0.0,zipf,0,1,own_mpi,8,12249
88,addremove,113,0.6000000000000001,0.0,zipf,0,0,own_sequential,,178
88,addremove,113,0.6000000000000001,0.0,zipf,0,1,own_sequential,,176
88,addremove,113,0.6000000000000001,0.0,zipf,0,0,diffutils,,207
88,addremove,113,0.6000000000000001,0.0,zipf,0,1,diffutils,,207
56,addremove,17,0.6000000000000001,0.0,zipf,0,0,own_mpi,8,4613
56,addremove,17,0.6000000000000001,0.0,zipf,0,1,own_mpi,8,8597
56,addremove,17,0.6000000000000001,0.0,zipf,0,0,own_sequential,,46
56,addremove,17,0.6000000000000001,0.0,zipf,0,1,own_sequential,,42
56,addremove,17,0.6000000000000001,0.0,zipf,0,0,diffutils,,31
56,addremove,17,0.6000000000000001,0.0,zipf,0,1,diffutils,,31
109,add,292,1.0,0.0,zipf,0,0,own_mpi,8,14200
109,add,292,1.0,0.0,zipf,0,1,own_mpi,8,23961
109,add,292,1.0,0.0,zipf,0,0,own_sequential,,1177
109,add,292,1.0,0.0,zipf,0,1,own_sequential,,1232
109,add,292,1.0,0.0,zipf,0,0,diffutils,,928
109,add,292,1.0,0.0,zipf,0,1,diffutils,,969
39,remove,6,0.6000000000000001,0.0,zipf,0,0,own_mpi,8,40956
39,remove,6,0.6000000000000001,0.0,zipf,0,1,own_mpi,8,15440
39,remove,6,0.6000000000000001,0.0,zipf,0,0,own_sequential,,27
39,remove,6,0.6000000000000001,0.0,zipf,0,1,own_sequential,,27
39,remove,6,0.6000000000000001,0.0,zipf,0,0,diffutils,,15
39,remove,6,0.6000000000000001,0.0,zipf,0,1,diffutils,,13
71,remove,44,0.6000000000000001,0.0,zipf,0,0,own_mpi,8,5833
71,remove,44,0.6000000000000001,0.0,zipf,0,1,own_mpi,8,29992
71,remove,44,0.6000000000000001,0.0,zipf,0,0,own_sequential,,35
71,remove,44,0.6000000000000001,0.0,zipf,0,1,own_sequential,,32
71,remove,44,0.6000000000000001,0.0,zipf,0,0,diffutils,,24
71,remove,44,0.6000000000000001,0.0,zipf,0,1,diffutils,,26
105,add,292,0.8,0.0,zipf,0,0,own_mpi,8,19230
105,add,292,0.8,0.0,zipf,0,1,own_mpi,8,18446
105,add,292,0.8,0.0,zipf,0,0,own_sequential,,3141
105,add,292,0.8,0.0,zipf,0,1,own_sequential,,3140
105,add,292,0.8,0.0,zipf,0,0,diffutils,,1886
105,add,292,0.8,0.0,zipf,0,1,diffutils,,1887
12,independent,1,1.0,0.0,zipf,0,0,own_mpi,8,118
12,independent,1,1.0,0.0,zipf,0,1,own_mpi,8,244
12,independent,1,1.0,0.0,zipf,0,0,own_sequential,,36
12,independent,1,1.0,0.0,zipf,0,1,own_sequential,,33
12,independent,1,1.0,0.0,zipf,0,0,diffutils,,15
12,independent,1,1.0,0.0,zipf,0,1,diffutils,,14
107,addremove,292,0.8,0.0,zipf,0,0,own_mpi,8,7649
107,addremove,292,0.8,0.0,zipf,0,1,own_mpi,8,27324
107,addremove,292,0.8,0.0,zipf,0,0,own_sequential,,501
107,addremove,292,0.8,0.0,zipf,0,1,own_sequential,,542
107,addremove,292,0.8,0.0,zipf,0,0,diffutils,,492
107,addremove,292,0.8,0.0,zipf,0,1,diffutils,,504
35,add,6,0.4,0.0,zipf,0,0,own_mpi,8,261
35,add,6,0.4,0.0,zipf,0,1,own_mpi,8,114
35,add,6,0.4,0.0,zipf,0,0,own_sequential,,25
35,add,6,0.4,0.0,zipf,0,1,own_sequential,,24
35,add,6,0.4,0.0,zipf,0,0,diffutils,,11
35,add,6,0.4,0.0,zipf,0,1,diffutils,,10
50,addremove,17,0.2,0.0,zipf,0,0,own_mpi,8,140
50,addremove,17,0.2,0.0,zipf,0,1,own_mpi,8,257
50,addremove,17,0.2,0.0,zipf,0,0,own_sequential,,28
50,addremove,17,0.2,0.0,zipf,0,1,own_sequential,,27
50,addremove,17,0.2,0.0,zipf,0,0,diffutils,,15
50,addremove,17,0.2,0.0,zipf,0,1,diffutils,,15
118,add,753,0.6000000000000001,0.0,zipf,0,0,own_mpi,8,35300
118,add,753,0.6000000000000001,0.0,zipf,0,1,own_mpi,8,46808
118,add,753,0.6000000000000001,0.0,zipf,0,0,own_sequential,,3316
118,add,753,0.6000000000000001,0.0,zipf,0,1,own_sequential,,3366
118,add,753,0.6000000000000001,0.0,zipf,0,0,diffutils,,1721
118,add,753,0.6000000000000001,0.0,zipf,0,1,diffutils,,1309
150,add,4999,0.6000000000000001,0.0,zipf,0,0,own_mpi,8,1223313
150,add,4999,0.6000000000000001,0.0,zipf,0,1,own_mpi,8,1201415
150,add,4999,0.6000000000000001,0.0,zipf,0,0,own_sequential,,225082
150,add,4999,0.6000000000000001,0.0,zipf,0,1,own_sequential,,131810
150,add,4999,0.6000000000000001,0.0,zipf,0,0,diffutils,,39377
150,add,4999,0.6000000000000001,0.0,zipf,0,1,diffutils,,39599
6,add,1,0.6000000000000001,0.0,zipf,0,0,own_mpi,8,91
6,add,1,0.6000000000000001,0.0,zipf,0,1,own_mpi,8,187
6,add,1,0.6000000000000001,0.0,zipf,0,0,own_sequential,,30
6,add,1,0.6000000000000001,0.0,zipf,0,1,own_sequential,,27
6,add,1,0.6000000000000001,0.0,zipf,0,0,diffutils,,13
6,add,1,0.6000000000000001,0.0,zipf,0,1,diffutils,,11
20,remove,2,0.4,0.0,zipf,0,0,own_mpi,8,121
20,remove,2,0.4,0.0,zipf,0,1,own_mpi,8,108
20,remove,2,0.4,0.0,zipf,0,0,own_sequential,,26
20,remove,2,0.4,0.0,zipf,0,1,own_sequential,,25
20,remove,2,0.4,0.0,zipf,0,0,diffutils,,13
20,remove,2,0.4,0.0,zipf,0,1,diffutils,,11
145,remove,4999,0.2,0.0,zipf,0,0,own_mpi,8,211544
145,remove,4999,0.2,0.0,zipf,0,1,own_mpi,8,186248
145,remove,4999,0.2,0.0,zipf,0,0,own_sequential,,60636
145,remove,4999,0.2,0.0,zipf,0,1,own_sequential,,56568
145,remove,4999,0.2,0.0,zipf,0,0,diffutils,,4167
145,remove,4999,0.2,0.0,zipf,0,1,diffutils,,4139
14,remove,1,1.0,0.0,zipf,0,0,own_mpi,8,13577
14,remove,1,1.0,0.0,zipf,0,1,own_mpi,8,126
14,remove,1,1.0,0.0,zipf,0,0,own_sequential,,34
14,remove,1,1.0,0.0,zipf,0,1,own_sequential,,37
14,remove,1,1.0,0.0,zipf,0,0,diffutils,,17
14,remove,1,1.0,0.0,zipf,0,1,diffutils,,22
94,remove,113,1.0,0.0,zipf,0,0,own_mpi,8,30773
94,remove,113,1.0,0.0,zipf,0,1,own_mpi,8,12142
94,remove,113,1.0,0.0,zipf,0,0,own_sequential,,64
94,remove,113,1.0,0.0,zipf,0,1,own_sequential,,58
94,remove,113,1.0,0.0,zipf,0,0,diffutils,,18
94,remove,113,1.0,0.0,zipf,0,1,diffutils,,17
9,add,1,0.8,0.0,zipf,0,0,own_mpi,8,107
9,add,1,0.8,0.0,zipf,0,1,own_mpi,8,128
9,add,1,0.8,0.0,zipf,0,0,own_sequential,,41
9,add,1,0.8,0.0,zipf,0,1,own_sequential,,37
9,add,1,0.8,0.0,zipf,0,0,diffutils,,17
9,add,1,0.8,0.0,zipf,0,1,diffutils,,15
102,add,292,0.6000000000000001,0.0,zipf,0,0,own_mpi,8,30737
102,add,292,0.6000000000000001,0.0,zipf,0,1,own_mpi,8,20053
102,add,292,0.6000000000000001,0.0,zipf,0,0,own_sequential,,952
102,add,292,0.6000000000000001,0.0,zipf,0,1,own_sequential,,1078
102,add,292,0.6000000000000001,0.0,zipf,0,0,diffutils,,546
102,add,292,0.6000000000000001,0.0,zipf,0,1,diffutils,,682
8,addremove,1,0.6000000000000001,0.0,zipf,0,0,own_mpi,8,125
8,addremove,1,0.6000000000000001,0.0,zipf,0,1,own_mpi,8,116
8,addremove,1,0.6000000000000001,0.0,zipf,0,0,own_sequential,,26
8,addremove,1,0.6000000000000001,0.0,zipf,0,1,own_sequential,,22
8,addremove,1,0.6000000000000001,0.0,zipf,0,0,diffutils,,11
8,addremove,1,0.6000000000000001,0.0,zipf,0,1,diffutils,,9
1,remove,1,0.2,0.0,zipf,0,0,own_mpi,8,196
1,remove,1,0.2,0.0,zipf,0,1,own_mpi,8,118
1,remove,1,0.2,0.0,zipf,0,0,own_sequential,,33
1,remove,1,0.2,0.0,zipf,0,1,own_sequential,,32
1,remove,1,0.2,0.0,zipf,0,0,diffutils,,14
1,remove,1,0.2,0.0,zipf,0,1,diffutils,,15
7,remove,1,0.6000000000000001,0.0,zipf,0,0,own_mpi,8,132
7,remove,1,0.6000000000000001,0.0,zipf,0,1,own_mpi,8,151
7,remove,1,0.6000000000000001,0.0,zipf,0,0,own_sequential,,38
7,remove,1,0.6000000000000001,0.0,zipf,0,1,own_sequential,,36
7,remove,1,0.6000000000000001,0.0,zipf,0,0,diffutils,,16
7,remove,1,0.6000000000000001,0.0,zipf,0,1,diffutils,,15
68,remove,44,0.4,0.0,zipf,0,0,own_mpi,8,8804
68,remove,44,0.4,0.0,zipf,0,1,own_mpi,8,15853
68,remove,44,0.4,0.0,zipf,0,0,own_sequential,,64
68,remove,44,0.4,0.0,zipf,0,1,own_sequential,,75
68,remove,44,0.4,0.0,zipf,0,0,diffutils,,41
68,remove,44,0.4,0.0,zipf,0,1,diffutils,,39
13,add,1,1.0,0.0,zipf,0,0,own_mpi,8,125
13,add,1,1.0,0.0,zipf,0,1,own_mpi,8,172
13,add,1,1.0,0.0,zipf,0,0,own_sequential,,59
13,add,1,1.0,0.0,zipf,0,1,own_sequential,,60
13,add,1,1.0,0.0,zipf,0,0,diffutils,,24
13,add,1,1.0,0.0,zipf,0,1,diffutils,,30
33,remove,6,0.2,0.0,zipf,0,0,own_mpi,8,240
33,remove,6,0.2,0.0,zipf,0,1,own_mpi,8,139
33,remove,6,0.2,0.0,zipf,0,0,own_sequential,,41
33,remove,6,0.2,0.0,zipf,0,1,own_sequential,,45
33,remove,6,0.2,0.0,zipf,0,0,diffutils,,19
33,remove,6,0.2,0.0,zipf,0,1,diffutils,,17
38,add,6,0.6000000000000001,0.0,zipf,0,0,own_mpi,8,186
38,add,6,0.6000000000000001,0.0,zipf,0,1,own_mpi,8,175
38,add,6,0.6000000000000001,0.0,zipf,0,0,own_sequential,,37
38,add,6,0.6000000000000001,0.0,zipf,0,1,own_sequential,,30
38,add,6,0.6000000000000001,0.0,zipf,0,0,diffutils,,16
38,add,6,0.6000000000000001,0.0,zipf,0,1,diffutils,,15
135,remove,1940,0.6000000000000001,0.0,zipf,0,0,own_mpi,8,178308
135,remove,1940,0.6000000000000001,0.0,zipf,0,1,own_mpi,8,150745
135,remove,1940,0.6000000000000001,0.0,zipf,0,0,own_sequential,,8416
135,remove,1940,0.6000000000000001,0.0,zipf,0,1,own_sequential,,8804
135,remove,1940,0.6000000000000001,0.0,zipf,0,0,diffutils,,6505
135,remove,1940,0.6000000000000001,0.0,zipf,0,1,diffutils,,6737
32,add,6,0.2,0.0,zipf,0,0,own_mpi,8,12433
32,add,6,0.2,0.0,zipf,0,1,own_mpi,8,124
32,add,6,0.2,0.0,zipf,0,0,own_sequential,,28
32,add,6,0.2,0.0,zipf,0,1,own_sequential,,25
32,add,6,0.2,0.0,zipf,0,0,diffutils,,11
32,add,6,0.2,0.0,zipf,0,1,diffutils,,10
57,add,17,0.8,0.0,zipf,0,0,own_mpi,8,9125
57,add,17,0.8,0.0,zipf,0,1,own_mpi,8,29555
57,add,17,0.8,0.0,zipf,0,0,own_sequential,,30
57,add,17,0.8,0.0,zipf,0,1,own_sequential,,30
57,add,17,0.8,0.0,zipf,0,0,diffutils,,18
57,add,17,0.8,0.0,zipf,0,1,diffutils,,17
95,addremove,113,1.0,0.0,zipf,0,0,own_mpi,8,23969
95,addremove,113,1.0,0.0,zipf,0,1,own_mpi,8,86465
95,addremove,113,1.0,0.0,zipf,0,0,own_sequential,,112
95,addremove,113,1.0,0.0,zipf,0,1,own_sequential,,100
95,addremove,113,1.0,0.0,zipf,0,0,diffutils,,105
95,addremove,113,1.0,0.0,zipf,0,1,diffutils,,104
42,remove,6,0.8,0.0,zipf,0,0,own_mpi,8,841
42,remove,6,0.8,0.0,zipf,0,1,own_mpi,8,881
42,remove,6,0.8,0.0,zipf,0,0,own_sequential,,24
42,remove,6,0.8,0.0,zipf,0,1,own_sequential,,23
42,remove,6,0.8,0.0,zipf,0,0,diffutils,,11
42,remove,6,0.8,0.0,zipf,0,1,diffutils,,14
138,remove,1940,0.8,0.0,zipf,0,0,own_mpi,8,271476
138,remove,1940,0.8,0.0,zipf,0,1,own_mpi,8,282277
138,remove,1940,0.8,0.0,zipf,0,0,own_sequential,,8641
138,remove,1940,0.8,0.0,zipf,0,1,own_sequential,,8609
138,remove,1940,0.8,0.0,zipf,0,0,diffutils,,8012
138,remove,1940,0.8,0.0,zipf,0,1,diffutils,,8721
55,remove,17,0.6000000000000001,0.0,zipf,0,0,own_mpi,8,3367
55,remove,17,0.6000000000000001,0.0,zipf,0,1,own_mpi,8,9928
55,remove,17,0.6000000000000001,0.0,zipf,0,0,own_sequential,,31
55,remove,17,0.6000000000000001,0.0,zipf,0,1,own_sequential,,28
55,remove,17,0.6000000000000001,0.0,zipf,0,0,diffutils,,19
55,remove,17,0.6000000000000001,0.0,zipf,0,1,diffutils,,15
130,addremove,1940,0.2,0.0,zipf,0,0,own_mpi,8,78509
130,addremove,1940,0.2,0.0,zipf,0,1,own_mpi,8,66086
130,addremove,1940,0.2,0.0,zipf,0,0,own_sequential,,13606
130,addremove,1940,0.2,0.0,zipf,0,1,own_sequential,,14181
130,addremove,1940,0.2,0.0,zipf,0,0,diffutils,,2689
130,addremove,1940,0.2,0.0,zipf,0,1,diffutils,,2702
40,addremove,6,0.6000000000000001,0.0,zipf,0,0,own_mpi,8,366
40,addremove,6,0.6000000000000001,0.0,zipf,0,1,own_mpi,8,254
40,addremove,6,0.6000000000000001,0.0,zipf,0,0,own_sequential,,28
40,addremove,6,0.6000000000000001,0.0,zipf,0,1,own_sequential,,24
40,addremove,6,0.6000000000000001,0.0,zipf,0,0,diffutils,,14
40,addremove,6,0.6000000000000001,0.0,zipf,0,1,diffutils,,13
47,addremove,6,1.0,0.0,zipf,0,0,own_mpi,8,260
47,addremove,6,1.0,0.0,zipf,0,1,own_mpi,8,137
47,addremove,6,1.0,0.0,zipf,0,0,own_sequential,,36
47,addremove,6,1.0,0.0,zipf,0,1,own_sequential,,34
47,addremove,6,1.0,0.0,zipf,0,0,diffutils,,16
47,addremove,6,1.0,0.0,zipf,0,1,diffutils,,16
142,remove,1940,1.0,0.0,zipf,0,0,own_mpi,8,409697
142,remove,1940,1.0,0.0,zipf,0,1,own_mpi,8,424829
142,remove,1940,1.0,0.0,zipf,0,0,own_sequential,,9146
142,remove,1940,1.0,0.0,zipf,0,1,own_sequential,,9418
142,remove,1940,1.0,0.0,zipf,0,0,diffutils,,142
142,remove,1940,1.0,0.0,zipf,0,1,diffutils,,143
18,addremove,2,0.2,0.0,zipf,0,0,own_mpi,8,115
18,addremove,2,0.2,0.0,zipf,0,1,own_mpi,8,151
18,addremove,2,0.2,0.0,zipf,0,0,own_sequential,,55
18,addremove,2,0.2,0.0,zipf,0,1,own_sequential,,65
18,addremove,2,0.2,0.0,zipf,0,0,diffutils,,30
18,addremove,2,0.2,0.0,zipf,0,1,diffutils,,34
110,remove,292,1.0,0.0,zipf,0,0,own_mpi,8,24857
110,remove,292,1.0,0.0,zipf,0,1,own_mpi,8,25760
110,remove,292,1.0,0.0,zipf,0,0,own_sequential,,1213
110,remove,292,1.0,0.0,zipf,0,1,own_sequential,,1714
110,remove,292,1.0,0.0,zipf,0,0,diffutils,,207
110,remove,292,1.0,0.0,zipf,0,1,diffutils,,157
43,addremove,6,0.8,0.0,zipf,0,0,own_mpi,8,150
43,addremove,6,0.8,0.0,zipf,0,1,own_mpi,8,164
43,addremove,6,0.8,0.0,zipf,0,0,own_sequential,,34
43,addremove,6,0.8,0.0,zipf,0,1,own_sequential,,41
43,addremove,6,0.8,0.0,zipf,0,0,diffutils,,19
43,addremove,6,0.8,0.0,zipf,0,1,diffutils,,17
125,add,753,1.0,0.0,zipf,0,0,own_mpi,8,78349
125,add,753,1.0,0.0,zipf,0,1,own_mpi,8,82096
125,add,753,1.0,0.0,zipf,0,0,own_sequential,,5791
125,add,753,1.0,0.0,zipf,0,1,own_sequential,,6109
125,add,753,1.0,0.0,zipf,0,0,diffutils,,3422
125,add,753,1.0,0.0,zipf,0,1,diffutils,,3377
98,addremove,292,0.2,0.0,zipf,0,0,own_mpi,8,253141
98,addremove,292,0.2,0.0,zipf,0,1,own_mpi,8,13247
98,addremove,292,0.2,0.0,zipf,0,0,own_sequential,,399
98,addremove,292,0.2,0.0,zipf,0,1,own_sequential,,391
98,addremove,292,0.2,0.0,zipf,0,0,diffutils,,180
98,addremove,292,0.2,0.0,zipf,0,1,diffutils,,199
119,remove,753,0.6000000000000001,0.0,zipf,0,0,own_mpi,8,57911
119,remove,753,0.6000000000000001,0.0,zipf,0,1,own_mpi,8,80820
119,remove,753,0.6000000000000001,0.0,zipf,0,0,own_sequential,,1213
119,remove,753,0.6000000000000001,0.0,zipf,0,1,own_sequential,,1187
119,remove,753,0.6000000000000001,0.0,zipf,0,0,diffutils,,1103
119,remove,753,0.6000000000000001,0.0,zipf,0,1,diffutils,,934
11,addremove,1,0.8,0.0,zipf,0,0,own_mpi,8,176
11,addremove,1,0.8,0.0,zipf,0,1,own_mpi,8,185
11,addremove,1,0.8,0.0,zipf,0,0,own_sequential,,102
11,addremove,1,0.8,0.0,zipf,0,1,own_sequential,,108
11,addremove,1,0.8,0.0,zipf,0,0,diffutils,,49
11,addremove,1,0.8,0.0,zipf,0,1,diffutils,,48
82,addremove,113,0.2,0.0,zipf,0,0,own_mpi,8,18930
82,addremove,113,0.2,0.0,zipf,0,1,own_mpi,8,20807
82,addremove,113,0.2,0.0,zipf,0,0,own_sequential,,113
82,addremove,113,0.2,0.0,zipf,0,1,own_sequential,,109
82,addremove,113,0.2,0.0,zipf,0,0,diffutils,,67
82,addremove,113,0.2,0.0,zipf,0,1,diffutils,,74
83,add,113,0.4,0.0,zipf,0,0,own_mpi,8,7311
83,add,113,0.4,0.0,zipf,0,1,own_mpi,8,3598
83,add,113,0.4,0.0,zipf,0,0,own_sequential,,394
83,add,113,0.4,0.0,zipf,0,1,own_sequential,,432
83,add,113,0.4,0.0,zipf,0,0,diffutils,,266
83,add,113,0.4,0.0,zipf,0,1,diffutils,,288
112,add,753,0.2,0.0,zipf,0,0,own_mpi,8,16340
112,add,753,0.2,0.0,zipf,0,1,own_mpi,8,12127
112,add,753,0.2,0.0,zipf,0,0,own_sequential,,2638
112,add,753,0.2,0.0,zipf,0,1,own_sequential,,2909
112,add,753,0.2,0.0,zipf,0,0,diffutils,,419
112,add,753,0.2,0.0,zipf,0,1,diffutils,,445
152,addremove,4999,0.6000000000000001,0.0,zipf,0,0,own_mpi,8,1834371
152,addremove,4999,0.6000000000000001,0.0,zipf,0,1,own_mpi,8,1526727
152,addremove,4999,0.6000000000000001,0.0,zipf,0,0,own_sequential,,95383
152,addremove,4999,0.6000000000000001,0.0,zipf,0,1,own_sequential,,92681
152,addremove,4999,0.6000000000000001,0.0,zipf,0,0,diffutils,,51370
152,addremove,4999,0.6000000000000001,0.0,zipf,0,1,diffutils,,51347
143,addremove,1940,1.0,0.0,zipf,0,0,own_mpi,8,415369
143,addremove,1940,1.0,0.0,zipf,0,1,own_mpi,8,398769
143,addremove,1940,1.0,0.0,zipf,0,0,own_sequential,,59674
143,addremove,1940,1.0,0.0,zipf,0,1,own_sequential,,45527
143,addremove,1940,1.0,0.0,zipf,0,0,diffutils,,17739
143,addremove,1940,1.0,0.0,zipf,0,1,diffutils,,17122
106,remove,292,0.8,0.0,zipf,0,0,own_mpi,8,16160
106,remove,292,0.8,0.0,zipf,0,1,own_mpi,8,21378
106,remove,292,0.8,0.0,zipf,0,0,own_sequential,,345
106,remove,292,0.8,0.0,zipf,0,1,own_sequential,,329
106,remove,292,0.8,0.0,zipf,0,0,diffutils,,361
106,remove,292,0.8,0.0,zipf,0,1,diffutils,,404
36,remove,6,0.4,0.0,zipf,0,0,own_mpi,8,232
36,remove,6,0.4,0.0,zipf,0,1,own_mpi,8,166
36,remove,6,0.4,0.0,zipf,0,0,own_sequential,,38
36,remove,6,0.4,0.0,zipf,0,1,own_sequential,,23
36,remove,6,0.4,0.0,zipf,0,0,diffutils,,10
36,remove,6,0.4,0.0,zipf,0,1,diffutils,,9
127,addremove,753,1.0,0.0,zipf,0,0,own_mpi,8,68397
127,addremove,753,1.0,0.0,zipf,0,1,own_mpi,8,81270
127,addremove,753,1.0,0.0,zipf,0,0,own_sequential,,3235
127,addremove,753,1.0,0.0,zipf,0,1,own_sequential,,3524
127,addremove,753,1.0,0.0,zipf,0,0,diffutils,,3132
127,addremove,753,1.0,0.0,zipf,0,1,diffutils,,3017
0,add,1,0.2,0.0,zipf,0,0,own_mpi,8,181
0,add,1,0.2,0.0,zipf,0,1,own_mpi,8,155
0,add,1,0.2,0.0,zipf,0,0,own_sequential,,57
0,add,1,0.2,0.0,zipf,0,1,own_sequential,,67
0,add,1,0.2,0.0,zipf,0,0,diffutils,,28
0,add,1,0.2,0.0,zipf,0,1,diffutils,,42
30,remove,2,1.0,0.0,zipf,0,0,own_mpi,8,199
30,remove,2,1.0,0.0,zipf,0,1,own_mpi,8,117
30,remove,2,1.0,0.0,zipf,0,0,own_sequential,,27
30,remove,2,1.0,0.0,zipf,0,1,own_sequential,,24
30,remove,2,1.0,0.0,zipf,0,0,diffutils,,11
30,remove,2,1.0,0.0,zipf,0,1,diffutils,,12
63,addremove,17,1.0,0.0,zipf,0,0,own_mpi,8,13705
63,addremove,17,1.0,0.0,zipf,0,1,own_mpi,8,35009
63,addremove,17,1.0,0.0,zipf,0,0,own_sequential,,120
63,addremove,17,1.0,0.0,zipf,0,1,own_sequential,,120
63,addremove,17,1.0,0.0,zipf,0,0,diffutils,,73
63,addremove,17,1.0,0.0,zipf,0,1,diffutils,,70
53,addremove,17,0.4,0.0,zipf,0,0,own_mpi,8,8804
53,addremove,17,0.4,0.0,zipf,0,1,own_mpi,8,6151
53,addremove,17,0.4,0.0,zipf,0,0,own_sequential,,46
53,addremove,17,0.4,0.0,zipf,0,1,own_sequential,,30
53,addremove,17,0.4,0.0,zipf,0,0,diffutils,,17
53,addremove,17,0.4,0.0,zipf,0,1,diffutils,,17
101,addremove,292,0.4,0.0,zipf,0,0,own_mpi,8,3578
101,addremove,292,0.4,0.0,zipf,0,1,own_mpi,8,92396
101,addremove,292,0.4,0.0,zipf,0,0,own_sequential,,332
101,addremove,292,0.4,0.0,zipf,0,1,own_sequential,,359
101,addremove,292,0.4,0.0,zipf,0,0,diffutils,,243
101,addremove,292,0.4,0.0,zipf,0,1,diffutils,,241
